0,1,2
-0.027820589020848274,-0.007354433182626963,-0.0021844219882041216
0.014484727755188942,0.04038356617093086,0.026390479877591133
0.011297186836600304,0.03330957144498825,0.000811534933745861
0.020443065091967583,-0.026601871475577354,0.015623606741428375
-0.007495790719985962,0.01770787313580513,-0.011182688176631927
0.0006673562456853688,0.024358339607715607,0.014736532233655453
-0.03960210457444191,-0.018440453335642815,-0.05118422210216522
0.012750165536999702,0.021508140489459038,0.04621660336852074
-0.011184552684426308,-0.038803935050964355,0.0106227220967412
0.018663449212908745,-0.002654177835211158,-0.011204864829778671
0.04676562175154686,0.019127249717712402,0.04688191041350365
-0.005282532889395952,0.028044141829013824,-0.02275347150862217
-0.04928862303495407,-0.05627143010497093,-0.05176082253456116
0.02190730720758438,0.02353418618440628,0.005405612755566835
0.014293250627815723,0.013438294641673565,0.017918912693858147
-0.005504985339939594,-0.024014942348003387,0.005181071814149618
-0.08285354822874069,-0.07957668602466583,-0.07744164019823074
-0.013459758833050728,0.008487645536661148,-0.025636466220021248
-0.027212366461753845,-0.024381233379244804,-0.05118422210216522
0.011314081959426403,0.03573624789714813,0.008737687952816486
0.03901640698313713,0.020661091431975365,0.05739374831318855
0.04611234739422798,0.014022070914506912,0.05996626615524292
0.027482688426971436,0.00047610653564333916,0.048922181129455566
-0.0455266498029232,-0.012648480013012886,-0.03390843793749809
-0.0369439423084259,-0.017238562926650047,-0.05286966636776924
-0.029419992119073868,-0.01877240464091301,-0.0070134359411895275
0.008948768489062786,0.03129497170448303,-0.013239593245089054
-0.014462201856076717,0.02177141234278679,0.006575442850589752
0.0214229803532362,0.03976544737815857,0.007523504085838795
-0.06109266355633736,-0.03257698938250542,-0.04652708023786545
0.004860155750066042,0.028479112312197685,0.003057636320590973
-0.03156003728508949,-0.028914082795381546,-0.025126397609710693
0.040007583796978,0.03088289685547352,0.04062803089618683
0.0002719054464250803,-0.008218650706112385,-0.01399360690265894
0.026108553633093834,0.041917406022548676,0.04501905292272568
0.07514937967061996,0.031363651156425476,0.06626449525356293
-0.043206389993429184,-0.004000582732260227,-0.017242519184947014
0.0076929000206291676,0.012190616689622402,-0.003088129684329033
0.01096491701900959,-0.027036841958761215,0.04577306658029556
-0.02055569924414158,-0.030951576307415962,-0.03317660093307495
0.00028422477771528065,0.01909290999174118,-0.018251566216349602
-0.00457012327387929,-0.007663491182029247,0.004959303420037031
-0.0241712499409914,-0.045145343989133835,-0.013949253596365452
-0.04532390832901001,-0.022538332268595695,-0.03342054784297943
-0.03306933119893074,-0.04228369891643524,-0.03699102625250816
0.03798017278313637,0.024564379826188087,0.05003102496266365
-0.05852460861206055,-0.0393991582095623,-0.04643837362527847
-0.019170301035046577,0.057461876422166824,-0.01427081786096096
-0.008892451412975788,0.03598807379603386,-0.013417008332908154
0.03678625449538231,0.07925617694854736,0.051627762615680695
-0.05307312682271004,-0.004907724913209677,-0.056018780916929245
0.015036635100841522,0.0017198498826473951,0.042002998292446136
-0.042598165571689606,0.010994448326528072,0.00665306206792593
-0.02020653337240219,0.010158847086131573,-0.06506694853305817
0.01563359424471855,-0.037270091474056244,0.013738572597503662
0.030073270201683044,0.006347133312374353,0.00770646333694458
0.0113985575735569,-0.023786010220646858,0.007423708215355873
0.007918167859315872,0.023396827280521393,0.036347895860672
0.016129184514284134,0.005460022948682308,0.008787586353719234
2.232880433439277e-05,-0.027288667857646942,0.005000885110348463
0.05528075248003006,0.059018611907958984,0.05868000537157059
-0.00025553832529112697,0.01157822459936142,0.006847109645605087
-0.03025348298251629,-0.008401796221733093,-0.012906940653920174
0.01850576139986515,-0.004160834942013025,-0.0008205443155020475
-0.04789196327328682,-0.01394194457679987,-0.042779188603162766
-0.03935430943965912,-0.050914425402879715,-0.01565687172114849
-0.010936758480966091,-0.008413242176175117,-0.002497670240700245
0.010339798405766487,-4.721717778011225e-05,0.012152926065027714
-0.021794673055410385,-0.012362315319478512,-0.02426149882376194
0.0017289314419031143,0.005291185341775417,-0.0073516336269676685
0.008717869408428669,-0.0034511464182287455,0.015468369238078594
0.049198515713214874,0.08420110493898392,0.05122857540845871
-0.01909145712852478,-0.010691113770008087,-0.04719238728284836
0.013741344213485718,-0.03706405311822891,0.02377360872924328
-0.017176680266857147,-0.018612153828144073,0.02299741841852665
-0.0021738356444984674,0.04029199108481407,-0.01625564880669117
0.02876671589910984,0.011074574664235115,0.02348530851304531
-0.004727810621261597,0.018589260056614876,0.024549799039959908
0.013335861265659332,-0.015613147057592869,0.01357224676758051
-0.017187943682074547,-0.013735906220972538,-0.03559388220310211
0.01848323456943035,0.04022331163287163,0.019715240225195885
-0.016973938792943954,0.015533020719885826,-0.017054015770554543
-0.005462747532874346,-0.02264135144650936,0.001185076660476625
0.016140447929501534,-0.017341582104563713,0.022709118202328682
0.010435537435114384,0.0070167589001357555,-2.733126348175574e-05
-0.014890210703015327,-0.05897282436490059,-0.029340002685785294
-0.0484776608645916,-0.02841043286025524,-0.06719592213630676
-0.03183035925030708,-0.0003026191843673587,-0.025725172832608223
-0.013955348171293736,0.022011790424585342,-0.03328748792409897
-0.03453357517719269,0.020867131650447845,-0.019182994961738586
-0.06357061117887497,-0.025457212701439857,-0.038499053567647934
0.03820544108748436,-0.022423867136240005,0.033021364361047745
-0.002873574150726199,-0.026922376826405525,0.004981480073183775
0.050820447504520416,-0.0005626713973470032,0.04282354190945625
0.01620802842080593,0.04922033101320267,0.04113810136914253
-0.021479297429323196,-0.0632309541106224,-0.002676471369341016
-0.039737261831760406,-0.02685369737446308,-0.05251483619213104
-0.03597528859972954,-0.03855210915207863,0.004119354300200939
-0.02939746528863907,-0.021737070754170418,-0.0449303463101387
0.03926420211791992,0.023282360285520554,0.06382504105567932
0.1026320680975914,0.06652757525444031,0.11248110234737396
-0.0653277039527893,-0.0621778704226017,-0.06857088953256607
-0.001198143814690411,-0.03395058214664459,-0.02636830136179924
0.009292302653193474,0.043359678238630295,0.018950138241052628
-0.029217250645160675,-0.047800954431295395,-0.006952449679374695
-0.012029307894408703,-0.003568473970517516,0.014159933663904667
-0.026942044496536255,-0.035690464079380035,-0.02401755377650261
0.012840271927416325,0.011463758535683155,0.014592382125556469
-0.020015055313706398,-0.018131395801901817,-0.02991660125553608
0.021738355979323387,-0.0013957683695480227,0.018351363018155098
-0.016647299751639366,-0.11455745995044708,-0.06258313357830048
-0.008785449899733067,0.012064704671502113,0.009159049019217491
-0.06721995025873184,-0.04825881868600845,-0.08782041817903519
0.05244237557053566,0.04434408247470856,0.02805374376475811
0.018438180908560753,-0.016048116609454155,0.046260956674814224
0.042868487536907196,0.02477041818201542,0.027477145195007324
-0.007557739038020372,0.003986274357885122,-0.015091362409293652
-0.024982213973999023,-0.04963240772485733,-0.0073239123448729515
0.019429359585046768,0.01787957176566124,-0.0016494049923494458
-0.03018590249121189,-0.021130401641130447,-0.0391421802341938
-0.00871223770081997,0.02630425989627838,-0.03472898527979851
0.027753010392189026,0.06020905449986458,0.00010222152195638046
0.04079602286219597,0.008499092422425747,0.034950751811265945
-0.04937873035669327,-0.017719319090247154,-0.04838993772864342
-0.017030255869030952,-0.018966997042298317,-0.021478300914168358
-0.011612562462687492,0.0010187464067712426,-0.018573131412267685
0.013448495417833328,-0.005090870428830385,-0.0163221787661314
-0.002228744560852647,0.008647897280752659,-0.013860546052455902
-0.037462055683135986,-0.03910154476761818,-0.016056057065725327
-0.0013952532317489386,-0.03516392037272453,-0.028253337368369102
0.034601155668497086,-0.003476901212707162,0.010983096435666084
-0.03194299340248108,-0.05622564256191254,-0.017774764448404312
0.0369889959692955,-0.019573666155338287,0.02426149882376194
-0.04070591554045677,-0.031821515411138535,-0.04630530998110771
0.012592477723956108,0.030814215540885925,0.03390843793749809
0.03338470682501793,-0.018348881974816322,0.03461809828877449
-0.000575489189941436,-0.028044141829013824,-0.006980170961469412
0.016906358301639557,0.04743466153740883,0.030448846518993378
-0.08195247501134872,-0.06052955985069275,-0.06826041638851166
0.018325546756386757,0.017467495054006577,-0.009092518128454685
0.004820733796805143,0.06877110153436661,0.021633539348840714
-0.044377781450748444,0.021176189184188843,-0.0014719899045303464
-0.037191737443208694,-0.0207984521985054,-0.02397320047020912
-0.03156003728508949,0.003456869861111045,-0.010290069505572319
-0.028406286612153053,-0.0038861169014126062,-0.03960789740085602
0.0018992902478203177,0.013197916559875011,-0.0022620409727096558
-0.013279545120894909,-0.0025640358217060566,0.022542791441082954
0.006887567229568958,-0.025686144828796387,0.005693912040442228
-0.04739637300372124,-0.04784674197435379,-0.052825313061475754
0.014484727755188942,-0.013472634367644787,-0.007717551663517952
0.0015810993500053883,-0.030608177185058594,-0.03989619389176369
0.06591339409351349,0.03543863818049431,0.025325989350676537
-0.0398498959839344,-0.01049652136862278,-0.051272932440042496
-0.02340533770620823,-0.03420240804553032,-0.012995647266507149
-0.02709973230957985,0.002090433146804571,-0.014891770668327808
0.012907852418720722,-0.011778539977967739,0.03279959410429001
-0.0012446052860468626,-0.00993563886731863,0.013882722705602646
0.024914633482694626,0.019802598282694817,0.028009390458464622
-0.06185857579112053,0.003491209587082267,-0.05437769368290901
0.02162572182714939,0.027586277574300766,0.021988369524478912
-0.03185288608074188,0.00040921554318629205,-0.02794286049902439
-0.006307502277195454,0.020466500893235207,0.00659207534044981
-0.020848548039793968,-0.0003877531853504479,-0.02310830168426037
-0.013606183230876923,0.02808992750942707,6.345531437546015e-05
-0.02222268097102642,-0.03129497170448303,-0.01564578339457512
-0.005766859278082848,-0.012808732688426971,-0.011276939883828163
0.02256058342754841,0.015819184482097626,0.03568258881568909
-0.015329482965171337,0.00422379095107317,0.00602102093398571
-0.06379587948322296,-0.09963110834360123,-0.08258667588233948
0.015622330829501152,-0.01521251630038023,0.018040886148810387
-0.025838231667876244,0.011343569494783878,-0.01980394870042801
-0.04385966807603836,-0.01198457833379507,-0.02215469628572464
-0.003866160986945033,0.040452245622873306,0.0006400106940418482
0.0010453839786350727,0.004753195680677891,0.003914217930287123
0.01227710209786892,0.010090167634189129,0.0033625683281570673
-0.006752406246960163,0.009031358174979687,-0.014060137793421745
0.026604143902659416,0.013106344267725945,0.03954136371612549
-0.05519064515829086,0.004492785781621933,-0.04131551459431648
0.03358744829893112,-0.0032050448935478926,-0.0018226617248728871
0.043499238789081573,0.04020041972398758,0.010994184762239456
0.007732321973890066,0.03120340034365654,-0.00451299361884594
0.031244661659002304,0.04562610015273094,0.018451157957315445
-0.016320662572979927,-0.06808430701494217,-0.0402066707611084
-0.022188890725374222,0.005451438017189503,-0.02534816600382328
-0.012885325588285923,-0.03186730295419693,-0.04630530998110771
-0.053163234144449234,-0.020168889313936234,-0.04683755710721016
-0.03108697570860386,0.00556590361520648,-0.05100680887699127
0.004237852990627289,0.03450001776218414,-0.014969388954341412
0.0036718673072755337,0.0026484543923288584,-0.018273742869496346
-0.006898830644786358,0.022275060415267944,-0.016754627227783203
0.004260379821062088,0.023110661655664444,0.03461809828877449
-0.0067974599078297615,-0.015842078253626823,-0.008488197810947895
0.03327207267284393,0.05297481268644333,0.031114153563976288
-0.011860356666147709,0.03788820654153824,-0.01787455938756466
-0.02105128765106201,0.012030364945530891,-0.010877756401896477
-0.06920231133699417,-0.07866095751523972,-0.05353497341275215
0.015453380532562733,-0.0006610404816456139,0.00411103805527091
-0.011916673742234707,-0.0350036695599556,-0.014470409601926804
0.005637330003082752,-0.015292642638087273,-0.04124898463487625
0.009168405085802078,0.005079423543065786,0.018961226567626
-0.02937493845820427,-0.027723638340830803,-0.010894388891756535
-0.015025371685624123,0.043016280978918076,-0.006991259288042784
0.017210470512509346,0.021176189184188843,0.0030382315162569284
0.007371893152594566,-0.039147332310676575,0.02949524112045765
-0.008869924582540989,0.053570035845041275,-5.9167203289689496e-05
-0.012153205461800098,-0.02618979476392269,-0.021467212587594986
-0.016343189403414726,-0.024289660155773163,-0.049942318350076675
0.0006891791126690805,0.028799617663025856,-0.027743268758058548
0.02707720547914505,0.051463861018419266,0.033265311270952225
-0.04874798282980919,-0.04038356617093086,-0.05765987187623978
0.08181731402873993,0.09042804688215256,0.06959103047847748
-0.045977186411619186,0.014537167735397816,0.0115874158218503
-0.02308996394276619,0.006604681722819805,-0.021267620846629143
0.04960399866104126,-0.0018901178846135736,0.021567009389400482
-0.059155359864234924,-0.055584635585546494,-0.056373611092567444
0.019192827865481377,0.052929025143384933,0.014603471383452415
-0.028631554916501045,-0.007892422378063202,-0.025991294533014297
0.0049868687056005,0.00405209232121706,0.009114694781601429
-0.02509484812617302,-0.01454861368983984,-0.013494627550244331
0.008898083120584488,0.022732924669981003,-0.005269779358059168
-0.009033244103193283,0.00514810299500823,0.0004646747838705778
0.02220015414059162,0.025777718052268028,0.03388626128435135
0.0070396228693425655,-0.006564618553966284,-0.00593231339007616
-0.02987052872776985,-0.012808732688426971,-0.040295377373695374
0.03216826170682907,0.0788441002368927,0.021589186042547226
0.0712297186255455,0.06739751249551773,0.06395810097455978
0.051496248692274094,-0.0013900450430810452,0.04550694301724434
-0.01967715471982956,0.02953219786286354,-0.036747079342603683
-0.004646151326596737,0.009426265954971313,0.013405920006334782
-0.0484776608645916,-0.044801946729421616,-0.04484163597226143
0.01340344175696373,0.020352033898234367,-0.015867553651332855
0.06411125510931015,0.03894129395484924,0.011044083163142204
0.00761968782171607,-0.008149971254169941,-0.020014628767967224
-0.020352957770228386,-0.031592585146427155,-0.03905347362160683
0.013279545120894909,-0.004326810594648123,0.026567894965410233
-0.017615951597690582,-0.04596950113773346,-0.0065200007520616055
0.004792575258761644,-0.014090750366449356,-0.009114694781601429
0.003936557099223137,-0.0031420886516571045,0.021411770954728127
-0.0011333792936056852,-0.0017498972592875361,-0.011875716038048267
-0.0514061413705349,0.008916892111301422,-0.03818857669830322
0.022999856621026993,0.03587360680103302,0.03608177229762077
0.03160509094595909,0.06602392345666885,0.0470593236386776
0.013223228044807911,-0.005691816098988056,0.01613367535173893
0.016613509505987167,0.03587360680103302,0.01644415222108364
0.02194109745323658,0.009872682392597198,0.030803676694631577
-0.023270176723599434,-0.006799273658543825,-0.00368136097677052
-0.0016585352132096887,-0.004942064639180899,-0.01318415068089962
-0.06118277087807655,-0.03108893521130085,-0.04353320226073265
0.008458810858428478,0.01398773118853569,-0.020025717094540596
0.055731285363435745,0.03775084763765335,0.03293265774846077
0.06321018189191818,0.06478769332170486,0.05983320251107216
0.009083929471671581,-0.019516432657837868,0.01583428680896759
0.03397040441632271,0.0271970946341753,0.030027486383914948
-0.04606729373335838,-0.012247850187122822,-0.02945088781416416
-0.004167456645518541,-0.03342403843998909,-0.006897007580846548
-0.052307214587926865,-0.057919736951589584,-0.04009578749537468
0.003666235599666834,0.007417389191687107,0.00594340218231082
0.01181530300527811,0.012442441657185555,0.007335000671446323
0.012018044479191303,-0.0059064398519694805,0.005336310248821974
-0.05334344506263733,0.007257136981934309,-0.007201939355581999
-0.003714105114340782,-0.022126255556941032,0.033686671406030655
0.02624371461570263,0.025686144828796387,-0.013339389115571976
-0.03766479715704918,-0.012270743027329445,-0.03750109300017357
-0.033745136111974716,-0.048350390046834946,0.00045774452155455947
0.0342857800424099,0.050914425402879715,0.06271620094776154
0.007219837512820959,0.0057690804824233055,0.01855095475912094
0.019192827865481377,0.0034854861441999674,0.026412656530737877
0.022853432223200798,0.05654614791274071,0.018096327781677246
-0.022098785266280174,0.006347133312374353,-0.00013115540787111968
-0.02392345480620861,-0.007480345666408539,0.006758402101695538
-0.02849639393389225,-0.020294802263379097,-0.0321342907845974
-0.0019246329320594668,0.0034969327971339226,0.023374425247311592
0.06010148674249649,0.03417951241135597,0.05122857540845871
-0.013369651511311531,0.024907777085900307,0.0024962841998785734
-0.027482688426971436,-0.003654323285445571,0.005203248932957649
0.006988937500864267,-0.008556324988603592,-0.012607552111148834
-0.009252880699932575,-0.023488400503993034,-0.010223538614809513
0.03275395929813385,0.07760787010192871,0.029606126248836517
-0.039219148457050323,-0.010467905551195145,-0.008604627102613449
0.012141942046582699,-0.006747764069586992,0.034462861716747284
-0.040368013083934784,0.0003090578829869628,-0.022975239902734756
0.007704163435846567,0.01828020252287388,0.015490545891225338
0.03255121782422066,0.030287673696875572,0.015346396714448929
-0.051991838961839676,-0.0438404344022274,-0.030360139906406403
-0.015352009795606136,-0.003362435381859541,0.002644592197611928
0.0011636497220024467,0.03454580530524254,-0.006492279469966888
0.004342039581388235,-0.0410703606903553,0.005466599017381668
-0.01935051567852497,-0.005780527368187904,-0.0308923851698637
-0.00210625515319407,-0.0122135104611516,-0.0029051704332232475
0.034330833703279495,0.011893005110323429,0.010461939498782158
-0.018438180908560753,0.006226944271475077,-0.0028358676936477423
0.005679567810148001,0.040360670536756516,0.007412619888782501
-0.05167646333575249,-0.055905137211084366,-0.055486537516117096
-0.018426917493343353,-0.04342835769057274,-0.013106532394886017
0.020307904109358788,0.008218650706112385,0.04082762449979782
-0.0023188518825918436,-0.014090750366449356,0.017841294407844543
0.018021434545516968,0.06291045248508453,-0.004646054934710264
-0.015205585397779942,0.003396775107830763,-0.0440654456615448
-0.01527316588908434,0.026235580444335938,-0.030426669865846634
0.03926420211791992,0.009626581333577633,0.03661401942372322
0.04104381799697876,0.027929676696658134,0.031269390136003494
0.02507232129573822,0.0012569784885272384,0.01116605568677187
-0.015306956134736538,-0.04228369891643524,-0.016654832288622856
0.031244661659002304,0.01560170017182827,0.03093673847615719
-0.0005103726871311665,0.07160985469818115,0.012807143852114677
0.03926420211791992,0.017169883474707603,0.041204631328582764
0.017908800393342972,0.008092737756669521,0.02588041126728058
-0.01740194857120514,-0.0005884261918254197,-0.050119735300540924
0.012738902121782303,0.01805127039551735,0.0018961227033287287
-0.04928862303495407,-0.024358339607715607,-0.02854163572192192
0.004156193230301142,-0.014422701671719551,0.015745580196380615
-0.005468379240483046,0.009220226667821407,-0.0011989371851086617
-0.0024089589715003967,-0.05366160720586777,-0.00779517088085413
0.00033156623248942196,-0.019630899652838707,-0.01655503548681736
0.008171594701707363,0.004198036156594753,0.01122704241424799
-0.06654414534568787,-0.04416093975305557,-0.08551402390003204
0.03453357517719269,0.007503238972276449,0.015246599912643433
-0.05217205360531807,-0.023557079955935478,-0.06604272872209549
0.022605637088418007,0.07623428106307983,0.009469524957239628
-0.04383714124560356,-0.0058892699889838696,-0.02896299585700035
-0.002306180540472269,0.02454148605465889,-0.031424630433321
-0.025230009108781815,-0.031134720891714096,-0.017719320952892303
-0.009202195331454277,-0.016769252717494965,-0.024372383952140808
-0.0058738612569868565,0.01254546083509922,0.026700954884290695
-0.003449415322393179,0.025296960026025772,-0.01345027331262827
0.008774186484515667,0.011664073914289474,-0.029938777908682823
0.012479843571782112,0.022503992542624474,0.0070744226686656475
0.03439841419458389,0.01460584718734026,0.02878558076918125
0.009078297764062881,-0.019115803763270378,0.0006413967348635197
-0.030163375660777092,-0.014674526639282703,-0.0062705110758543015
0.003364939708262682,-0.006478769239038229,-0.0014428828144446015
-0.06740016490221024,-0.05965961888432503,-0.06351456791162491
0.02336028404533863,0.025709038600325584,0.024882452562451363
0.0009806194575503469,0.08713143318891525,0.026057826355099678
-0.00028088095132261515,-0.007377326488494873,-0.016577212139964104
-0.0035507858265191317,0.013117790222167969,0.031091976910829544
-0.008560181595385075,0.0087394705042243,-0.005347398575395346
0.05050507187843323,0.010359162464737892,0.054998647421598434
-0.007428210228681564,-0.001133927726186812,-0.006991259288042784
0.06248932331800461,0.04631289839744568,0.05495429039001465
-0.034308306872844696,-0.05576777830719948,-0.03186816722154617
-0.04469315707683563,-0.04297049343585968,-0.04856735095381737
-0.04014274477958679,-0.07710421830415726,-0.07455864548683167
-0.004485647659748793,-0.016082456335425377,-0.05007537826895714
-0.018449444323778152,-0.043474141508340836,-0.03475116193294525
-0.03908398747444153,-0.024816203862428665,-0.013250681571662426
0.05221710726618767,0.05906439572572708,0.0733610987663269
-0.019463149830698967,-0.018623599782586098,-0.008682246319949627
0.0013572393218055367,0.003087717341259122,-0.026323948055505753
0.037169210612773895,0.026372939348220825,0.054155923426151276
0.031537510454654694,0.00895695574581623,0.015346396714448929
0.05834439396858215,0.0016325697069987655,0.07030069082975388
0.019891157746315002,-0.003983412869274616,0.02517075091600418
0.049739159643650055,0.0360567532479763,0.07739728689193726
-0.03964715823531151,-0.04420672357082367,-0.0642242282629013
0.020668333396315575,-0.05631721392273903,0.020214220508933067
0.02563549019396305,0.0455574207007885,0.0065200007520616055
-0.03906146064400673,-0.006930909585207701,-0.04781333729624748
-0.015205585397779942,-0.027563385665416718,-0.023817962035536766
0.007940694689750671,0.027151308953762054,-0.010866668075323105
-0.0513160340487957,-0.04496220126748085,-0.07633280009031296
0.02590581215918064,0.019401967525482178,0.03397497162222862
0.02759532257914543,0.03294328227639198,0.009901974350214005
-0.014236933551728725,-0.0349578820168972,-0.013971430249512196
0.029577679932117462,0.01842900738120079,0.01745319925248623
0.015813808888196945,0.004109325353056192,0.030515378341078758
-0.05163140967488289,-0.012751500122249126,-0.04257959499955177
-0.055731285363435745,0.020180335268378258,-0.01357224676758051
-0.02049938216805458,0.0005698254681192338,-0.020613403990864754
-0.0038802402559667826,-0.02877672389149666,0.02450544573366642
0.026851937174797058,0.0404980294406414,0.03439633175730705
0.03894882649183273,0.001752758864313364,0.026102179661393166
0.023315230384469032,0.02474752441048622,0.014259729534387589
-0.02305617369711399,-0.017318688333034515,-9.884301834972575e-05
-0.0683913454413414,-0.040818534791469574,-0.05712762475013733
-0.030974341556429863,0.04386332631111145,-0.0220327228307724
0.012491106986999512,-0.0065245553851127625,-0.005477687809616327
0.03370008245110512,-0.006610404700040817,0.034884221851825714
-0.0062004998326301575,0.012053257785737514,0.0021123471669852734
0.030073270201683044,0.034912094473838806,0.01805197447538376
-0.002431485801935196,-0.03850632533431053,-0.002530935686081648
-0.04681067541241646,-0.04894561320543289,-0.03033796325325966
0.019249144941568375,0.004338257014751434,-0.011842450127005577
-0.00871223770081997,0.004200898110866547,0.005230969749391079
0.013865241780877113,0.019619453698396683,0.020546872168779373
0.03906146064400673,0.029509305953979492,0.0356382355093956
-0.0010728385532274842,-0.017398813739418983,-0.011027449741959572
0.005755595862865448,0.008979848586022854,-0.0008586607873439789
0.013718817383050919,0.08960389345884323,0.006154082249850035
-0.02734752744436264,-0.0007919608615338802,-0.005682823713868856
0.034330833703279495,-0.004358288366347551,0.010301157832145691
-0.021006233990192413,0.0070339287631213665,-0.013339389115571976
0.017875010147690773,0.006318517029285431,0.01679898053407669
-0.06375082582235336,-0.02566325105726719,-0.04652708023786545
0.03363250195980072,0.011858665384352207,0.019182994961738586
0.013110593892633915,-0.0533411018550396,0.03743456304073334
-0.014935264363884926,0.0005125925526954234,0.0036453234497457743
0.10443421453237534,0.08621570467948914,0.09961851686239243
-0.026131080463528633,-0.031157614663243294,-0.030537554994225502
-0.04014274477958679,-0.02249254658818245,-0.03475116193294525
0.017537109553813934,0.014067857526242733,0.01943803019821644
-0.01713162660598755,0.008968401700258255,-0.02479374408721924
-0.06951768696308136,-0.05682086572051048,-0.08045769482851028
0.03212320804595947,-0.016505980864167213,0.023130478337407112
-0.02168203890323639,-0.022904623299837112,-0.029938777908682823
-0.019530730322003365,0.0030648240353912115,-0.007906055077910423
-0.013955348171293736,-0.015853526070713997,-0.036214832216501236
-0.0065271384082734585,-0.008848212659358978,0.014658913016319275
0.05780375376343727,-0.011120360344648361,0.05242612957954407
9.43749455473153e-06,-0.007182734552770853,0.004820697940886021
0.017627215012907982,-0.019573666155338287,0.009497245773673058
-0.0107114901766181,-0.026144009083509445,0.0368579626083374
0.0341055653989315,0.025709038600325584,0.02143394760787487
0.009703416377305984,0.03855210915207863,-0.002177491784095764
0.006335660815238953,0.005740464199334383,0.03093673847615719
-0.026559090241789818,-0.038231607526540756,-0.03426326811313629
0.010621382854878902,-0.02909722737967968,-0.011210408993065357
0.03854334354400635,-0.006089584901928902,0.039829663932323456
0.012919115833938122,-0.009775386191904545,0.005436106119304895
-0.07159014791250229,-0.022332293912768364,-0.06293796747922897
-0.013527339324355125,-0.03463737666606903,-0.0070799668319523335
-0.004609545227140188,-0.015086603350937366,-0.02479374408721924
-0.006589087191969156,0.004017752595245838,-0.009863164275884628
0.016985202208161354,-0.03234805911779404,0.03415238484740257
-0.061993736773729324,-0.05274587869644165,-0.046083543449640274
-0.008171594701707363,0.01460584718734026,-0.026767486706376076
0.006605982314795256,0.030356353148818016,0.007213028147816658
-0.00868407916277647,-0.010416395962238312,0.006303776055574417
0.018607132136821747,-0.009592241607606411,0.011831361800432205
-0.09326092153787613,-0.05810288339853287,-0.08977198600769043
-0.012198259122669697,-0.012316529639065266,0.0031491159461438656
-0.0068256184458732605,-0.01770787313580513,-0.0009445961914025247
-0.0341956727206707,-0.022916071116924286,-0.015734491869807243
0.00868971087038517,0.0543941892683506,-0.0033514800015836954
-0.027820589020848274,-0.03477473556995392,-0.06120816990733147
-0.024351464584469795,-0.03933047875761986,-0.03322095423936844
-0.009630204178392887,-0.02944062650203705,0.0037035378627479076
-0.019215354695916176,0.014090750366449356,0.00656435452401638
0.025860758498311043,0.026395833119750023,0.01393816526979208
-0.012198259122669697,0.040681175887584686,-0.002634889679029584
-0.02989305555820465,0.04123061150312424,-0.01951564848423004
-0.020668333396315575,0.026464512571692467,-0.022199049592018127
-0.014912737533450127,-0.0113779092207551,-0.020136600360274315
0.014878947287797928,0.00476464256644249,0.02004789374768734
0.020724650472402573,-0.036033861339092255,0.03481769189238548
0.027302473783493042,0.011091744527220726,0.028563812375068665
0.003716920968145132,0.02419808879494667,-0.01267408300191164
0.0074507370591163635,-0.011698413640260696,0.014470409601926804
0.008543286472558975,0.015487234108150005,0.015401838347315788
-0.03505169227719307,-0.0009951378451660275,-0.040539324283599854
0.006724247708916664,-0.0076520442962646484,0.007894966751337051
-0.005648593418300152,0.03063107095658779,-0.0168544240295887
0.015408326871693134,0.035575997084379196,-0.0013125936966389418
0.030726546421647072,0.03234805911779404,0.0233522467315197
-0.07731195539236069,-0.06639021635055542,-0.08693334460258484
-0.026739303022623062,0.007640597876161337,-0.01855095475912094
0.019868630915880203,0.031134720891714096,0.0022079849150031805
-0.07537464797496796,-0.06414668262004852,-0.06311538070440292
-0.029465045779943466,-0.040131740272045135,-0.04220258817076683
-0.03669614717364311,-0.009952808730304241,-0.05251483619213104
0.007293049246072769,0.029165906831622124,-0.012341429479420185
0.023225124925374985,0.014319682493805885,0.015191158279776573
0.025500331073999405,0.01615113578736782,0.02257605642080307
0.0059301783330738544,0.014319682493805885,0.030315786600112915
-0.003970347344875336,-0.001914441934786737,0.052780959755182266
0.019541993737220764,0.029234586283564568,-0.018040886148810387
-0.04012021794915199,0.009672367013990879,-0.04122680798172951
-0.0004952374729327857,-0.034248191863298416,-0.010267891921103
0.0015275981277227402,0.039582304656505585,-0.006226157303899527
0.008988190442323685,0.031180506572127342,0.03413020819425583
-0.02396850846707821,0.0031907365191727877,-0.019537825137376785
0.015385800041258335,0.07747051119804382,0.026390479877591133
0.011145130731165409,0.004561465699225664,0.011188232339918613
-0.0025117374025285244,0.004730302840471268,0.006630884949117899
-0.017030255869030952,-0.021302102133631706,-0.02341877855360508
0.018348073586821556,0.03211912885308266,0.01686551235616207
-0.0428009070456028,-0.011812879703938961,-0.009208946488797665
0.010790334083139896,0.01543000154197216,0.012297076173126698
-0.06239921972155571,-0.02575482428073883,-0.03574911877512932
-0.0018655001185834408,-0.03456869721412659,-0.01565687172114849
0.03077160008251667,0.018039824441075325,0.02468285895884037
-0.020747177302837372,-0.0316612645983696,-0.00839394610375166
0.013223228044807911,0.021565372124314308,-0.0018143454799428582
0.027437634766101837,-0.022858837619423866,0.03907565027475357
0.023427864536643028,0.022710030898451805,0.007545681204646826
0.10758796334266663,0.0029446349944919348,0.04346667230129242
0.042868487536907196,0.011097467504441738,0.04803510755300522
-0.022988593205809593,-0.037041161209344864,-0.051805175840854645
-0.007901272736489773,-0.03383611515164375,-0.00822207611054182
-0.018122805282473564,-0.013014771044254303,-0.015690138563513756
0.004263195674866438,-0.031707052141427994,0.00971901509910822
0.032889120280742645,0.07911881804466248,0.05530912056565285
0.058029018342494965,0.024289660155773163,0.030315786600112915
-0.009078297764062881,-0.008264437317848206,-0.008405035361647606
0.006617245730012655,0.007068268489092588,0.005344626493752003
0.01624181866645813,0.027242880314588547,0.0337088480591774
-0.005744332447648048,-0.004773227497935295,0.006675238721072674
-0.008644657209515572,0.003954796120524406,-0.022553879767656326
-0.047982070595026016,-0.045465849339962006,-0.039585717022418976
-0.0012558687012642622,-0.03319510817527771,0.027299730107188225
-0.06402114778757095,-0.034042153507471085,-0.024416737258434296
-0.05933557450771332,0.0011375047033652663,-0.0470593236386776
-0.00840812548995018,0.027357347309589386,-0.0035178065299987793
0.014946527779102325,-0.017662085592746735,0.027543677017092705
0.0655980259180069,0.07614270597696304,0.020934969186782837
-0.01554348785430193,-0.046015284955501556,0.020136600360274315
0.004612361080944538,-0.031157614663243294,-0.03978531062602997
0.006301870569586754,0.008556324988603592,-0.004119354300200939
0.02019526995718479,0.009769663214683533,0.013428096659481525
-0.005164267495274544,0.011973131448030472,-0.001587032456882298
0.0076647414825856686,-0.0051881661638617516,-0.023884491994976997
-0.0008377151098102331,-0.010834195651113987,-0.02372925356030464
-0.016106657683849335,-0.0283188596367836,-0.006614252459257841
-0.004350487142801285,0.025342747569084167,-0.009646940045058727
-0.02822607196867466,0.013289489783346653,-0.029184764251112938
-0.022909749299287796,-0.01926460862159729,-0.04244653508067131
0.020161479711532593,-0.0023522740229964256,0.024971159175038338
0.024013562127947807,0.003811714006587863,0.03135810047388077
0.0003650044382084161,-0.015487234108150005,-0.024882452562451363
-0.010097634978592396,0.015361322090029716,-0.007906055077910423
0.022110048681497574,0.01983693800866604,0.01444823294878006
0.012434789910912514,0.011526715010404587,0.009663572534918785
0.04636014252901077,0.018406113609671593,0.026634424924850464
-0.009252880699932575,-0.018532026559114456,-0.010617177933454514
-0.03930925577878952,-0.01477754581719637,-0.01829591952264309
-0.05154130235314369,-0.013266596011817455,-0.026346124708652496
-0.010734017007052898,-0.0059465025551617146,-0.020314015448093414
-0.04581949859857559,-0.07536433637142181,-0.041382044553756714
0.008211016654968262,-0.008344562724232674,-0.019826125353574753
-0.03365502879023552,-0.0025697590317577124,-0.01170938927680254
0.005800649523735046,-0.0007218504906632006,0.028985172510147095
-0.03169519826769829,-0.04496220126748085,-0.037368033081293106
0.008498232811689377,0.026121115311980247,0.0045601194724440575
0.007676004897803068,-0.006696254480630159,0.0033986058551818132
0.024013562127947807,0.008344562724232674,0.006187347695231438
-0.010531275533139706,0.047755166888237,-0.006841565482318401
0.01678246073424816,0.02336248755455017,0.012297076173126698
-0.03559233248233795,0.017318688333034515,0.0011393368477001786
0.008791081607341766,-0.024701738730072975,0.004920493811368942
-0.0055472226813435555,0.013106344267725945,0.015490545891225338
-0.0035029163118451834,0.014502828009426594,0.0025988523848354816
-0.002524408744648099,0.030150314792990685,0.005225425586104393
-0.005550038535147905,0.016196923330426216,0.010306701995432377
-0.0018823951249942183,0.015178176574409008,0.00044838865869678557
-0.01851702481508255,-0.04395490139722824,-0.008859660476446152
0.010627014562487602,0.02186298370361328,0.0017131634522229433
-0.020330430939793587,-0.03493499010801315,-0.03876517340540886
0.007467632181942463,0.016345728188753128,0.01207530777901411
1.8589003957458772e-05,-0.014811885543167591,-0.0027388439048081636
0.017548372969031334,0.0004485631943680346,-0.004895544610917568
0.007371893152594566,0.016048116609454155,0.018927961587905884
-0.040030110627412796,-0.02422098070383072,-0.02991660125553608
0.030140848830342293,0.000618831196334213,0.03448503836989403
-0.002482171170413494,-0.03511813282966614,-0.025547757744789124
-0.02824859879910946,-0.017833784222602844,-0.03138027712702751
0.011668878607451916,0.0255258921533823,-0.00905925314873457
0.004001321736723185,-0.015407107770442963,0.009103606455028057
-0.022616900503635406,-0.019688133150339127,-0.022864356637001038
0.013155647553503513,0.0010845642536878586,0.008155545219779015
-0.004587018396705389,0.012579800561070442,-0.008077926002442837
0.03507421910762787,0.022137701511383057,0.00882085133343935
-0.025995919480919838,-0.010176016949117184,-0.027166670188307762
-0.01886618882417679,0.022629905492067337,-0.026146532967686653
-0.003274832619354129,-0.0005100885755382478,-0.01901666820049286
0.005102318711578846,-0.017410261556506157,-0.010789048857986927
0.013628710061311722,-0.008596387691795826,0.004604473244398832
0.01796511746942997,0.004592943470925093,0.007379354443401098
-0.014845157042145729,-0.017146989703178406,-0.002888537710532546
-0.02311249077320099,0.0021762826945632696,-0.019715240225195885
0.005747148301452398,0.018646493554115295,0.03548299893736839
-0.0073099443688988686,-0.001834315829910338,-0.024461090564727783
0.028428813442587852,0.008808149956166744,0.03617047891020775
-0.02052190899848938,-0.02811282128095627,-0.01559034176170826
0.04766669496893883,0.001545289414934814,0.017486464232206345
-0.003336781170219183,-0.051555436104536057,0.01582319848239422
0.003897135378792882,-0.005597381852567196,0.010312246158719063
0.02592833898961544,0.04654182866215706,0.037833746522665024
-0.024869579821825027,0.011589670553803444,-0.03275524079799652
-0.04449041560292244,-0.016025224700570107,-0.05388980358839035
-0.042305316776037216,-0.06309359520673752,-0.02239864133298397
-0.0342181995511055,-0.026235580444335938,-0.030204901471734047
-0.052262160927057266,-0.03383611515164375,-0.0218553077429533
0.03020842932164669,0.0005819874932058156,0.028452929109334946
0.009883631020784378,-0.005832036957144737,0.016688097268342972
-0.008554549887776375,-0.010691113770008087,-0.012419048696756363
0.011702668853104115,0.06016327068209648,-0.004529626574367285
0.02563549019396305,0.03804846107959747,0.03282177075743675
0.008492601104080677,-0.018062716349959373,-0.006597619969397783
-0.0018148147501051426,-0.01215627696365118,0.02576952613890171
0.03739447891712189,-0.005517255514860153,0.04167034476995468
-0.01962083764374256,0.023694438859820366,-0.025059867650270462
-0.0016712064389139414,0.00891116913408041,-0.03357578441500664
0.024464096873998642,0.0066447448916733265,0.01987047865986824
0.0061723412945866585,0.006696254480630159,-0.00297170109115541
0.032934170216321945,0.012430994771420956,0.0016161396633833647
0.004015401005744934,0.004366873763501644,0.026523539796471596
-0.03169519826769829,-0.0009150116820819676,-0.018528778105974197
0.027775537222623825,0.007623428013175726,0.04045061767101288
0.008920609951019287,-0.011681243777275085,0.01207530777901411
-0.01625308208167553,-0.02799835614860058,-0.0042801364324986935
0.008993822149932384,-0.03356139734387398,-0.0075734020210802555
0.012716375291347504,-0.009638027288019657,0.012840409763157368
-0.01554348785430193,-0.018383221700787544,-0.005336310248821974
-0.0013966611586511135,0.001440123887732625,-0.0037478916347026825
0.002494842279702425,-0.022629905492067337,-0.015867553651332855
-0.02075844071805477,-0.047022584825754166,-0.0008267815574072301
0.012693848460912704,0.009992871433496475,-0.008887382224202156
-0.00885866116732359,-0.043703075498342514,-0.0015593114076182246
0.005730253178626299,-0.02829596772789955,0.0003697300562635064
6.040876542101614e-05,-0.008167141117155552,0.00579370791092515
0.0241937767714262,0.034156620502471924,0.059079188853502274
0.023563025519251823,0.042260803282260895,0.015679050236940384
-0.008058960549533367,0.019390521571040154,-0.013372654095292091
-0.002608884358778596,0.00908286776393652,-0.004219150170683861
0.017604688182473183,0.04766359552741051,0.004288452677428722
0.00953446514904499,0.020867131650447845,-0.014803063124418259
-0.019237881526350975,-0.011635457165539265,-0.022143607959151268
-0.005434588994830847,0.0011189039796590805,-0.020269662141799927
-0.005834439303725958,0.0032622776925563812,-0.005139490589499474
0.0018542367033660412,0.003763065906241536,-0.0037451195530593395
-0.010931126773357391,0.01744460128247738,-0.013705307617783546
0.02197488769888878,-0.010719730518758297,0.033132247626781464
0.007439473643898964,0.024335447698831558,0.004795748740434647
0.008239174261689186,0.01525830291211605,-0.0022204595152288675
0.037146683782339096,0.037132732570171356,0.025725172832608223
-0.014484727755188942,-0.020123101770877838,0.01367204263806343
-0.015881389379501343,-0.05196751281619072,-0.03550517559051514
-0.02874418906867504,0.003213629825040698,-0.02288653329014778
-0.0016923253424465656,0.017456047236919403,0.010816769674420357
0.004831997212022543,0.024060729891061783,0.005447194445878267
-0.017875010147690773,-0.018909763544797897,-0.011920069344341755
-0.02570307068526745,-0.014251003041863441,-0.017808029428124428
0.012468580156564713,-0.005952225998044014,0.005632925778627396
0.0009623164660297334,-0.05187593773007393,-0.005000885110348463
0.007140993606299162,0.0003437553532421589,0.007384898606687784
0.006245553493499756,-0.00868223700672388,0.013561157509684563
-0.014721259474754333,-0.017032524570822716,-0.008493742905557156
-0.017627215012907982,-0.011143254116177559,-0.009342008270323277
-0.00606533931568265,0.006902292836457491,0.008266429416835308
-0.03955705091357231,-0.03356139734387398,-0.009530511684715748
0.02078096754848957,0.04798410087823868,0.03016054816544056
0.015171795152127743,0.011171870864927769,-0.026390479877591133
0.0021766514983028173,-0.019047122448682785,-0.0031324834562838078
-0.06230911239981651,-0.03683512285351753,-0.04016231745481491
0.01480010338127613,0.06231522932648659,0.017175989225506783
0.009207827039062977,0.011412248946726322,0.002058291109278798
-0.012344682589173317,0.0008084152941592038,-0.005330766085535288
-0.01625308208167553,-0.0205580722540617,0.010412042029201984
-0.01733436807990074,-0.02093581110239029,-0.014148845337331295
-0.0099681057035923,-0.022126255556941032,-0.006281599402427673
0.007552107330411673,-0.005365588236600161,-0.004363299813121557
-0.045774444937705994,-0.033721648156642914,-0.033265311270952225
0.024216303601861,-0.011801432818174362,0.03384190797805786
-0.044332727789878845,-0.010748346336185932,-0.03339837118983269
0.007090308237820864,0.01338106207549572,0.027188846841454506
-0.028023330494761467,-0.0311118271201849,-0.014747620560228825
-0.03282153978943825,-0.013129237107932568,-0.051139868795871735
0.03644835203886032,-0.008487645536661148,0.026102179661393166
-0.00762531952932477,-0.02774653024971485,0.022864356637001038
0.005935810040682554,-0.0054342676885426044,0.015579253435134888
-0.014248196966946125,-0.00730292359367013,-0.037412386387586594
0.021794673055410385,2.1149360691197217e-05,0.021700071170926094
0.022864695638418198,0.029143014922738075,0.0033154424745589495
0.008115277625620365,0.01098872534930706,0.017541905865073204
-0.018945032730698586,-0.012476781383156776,-0.014692178927361965
0.04412999004125595,0.0283188596367836,0.03869864344596863
0.019823579117655754,0.014285342767834663,0.02197728119790554
-0.01625308208167553,-0.017971143126487732,-0.0007734184619039297
0.007743585389107466,-0.018463347107172012,0.007035613059997559
0.026311295107007027,-0.010736900381743908,0.03546081855893135
-0.024306410923600197,-0.00466448487713933,-0.02065775729715824
0.025027267634868622,0.014010624028742313,0.02310830168426037
0.00726489070802927,0.003474039724096656,0.007939320988953114
-0.026716776192188263,0.007674937602132559,-0.01932714506983757
-0.028631554916501045,-0.0017398814670741558,-0.006597619969397783
-0.005082607734948397,-0.015201069414615631,0.01195333432406187
0.01707530952990055,0.030608177185058594,0.011731565929949284
-0.05591150000691414,-0.009586517699062824,-0.05069633200764656
0.0483424998819828,0.021267762407660484,0.03608177229762077
0.048883140087127686,0.02364865131676197,0.06746204942464828
-0.028158491477370262,-0.02841043286025524,-0.0233522467315197
0.024464096873998642,0.010954385623335838,0.02678966335952282
0.004347671288996935,0.011263443157076836,0.013350477442145348
0.019778525456786156,0.030379246920347214,0.009929695166647434
0.038588397204875946,0.014640186913311481,0.020480342209339142
-0.009399304166436195,-0.00785808265209198,-0.030737146735191345
0.040007583796978,0.014044963754713535,0.008460476994514465
0.0007785822963342071,-0.003454008139669895,-0.0155349001288414
0.023517971858382225,0.007531855255365372,0.020535783842206
0.007659109774976969,-0.009844066575169563,0.009325374849140644
0.0039196619763970375,-0.013438294641673565,-0.007872790098190308
-0.0040886132046580315,0.008584941737353802,0.0001843452628236264
0.017728585749864578,0.015727613121271133,0.010400953702628613
-0.015295692719519138,0.005042222328484058,-0.016466328874230385
-0.0032551216427236795,-0.00833311676979065,0.009857620112597942
0.00041076200432144105,0.031134720891714096,0.028452929109334946
-0.01653466559946537,0.01897844299674034,0.01113833487033844
-0.006634140852838755,-0.010794132947921753,-0.029606126248836517
-0.014056718908250332,-0.028227288275957108,-0.01811850629746914
0.04865787550806999,-0.03733877092599869,0.04069456085562706
0.03309185802936554,-0.0066447448916733265,0.016466328874230385
-0.019260408356785774,0.014846225269138813,-0.0059600346721708775
0.0008968479814939201,-0.0067191473208367825,-0.004510221537202597
-0.010328534990549088,0.017032524570822716,-0.026656601577997208
-0.018990086391568184,-0.011669796891510487,-0.042357828468084335
-0.010835387744009495,0.010507968254387379,-0.0014692178228870034
-0.010153952054679394,-0.0007647752063348889,0.011060715653002262
0.03620055690407753,-0.0037401728332042694,0.036214832216501236
0.02561296336352825,0.03317221254110336,-0.005100680980831385
-0.010334166698157787,-0.035804927349090576,0.009103606455028057
-0.029487572610378265,0.014663079753518105,0.0045545753091573715
0.01938430592417717,-0.0062956237234175205,0.0186063963919878
0.001735971076413989,-0.006873676553368568,-0.0032267351634800434
0.023585552349686623,-0.011847219429910183,0.0163221787661314
0.014203143306076527,0.014468488283455372,0.040251024067401886
0.016478348523378372,-0.0039376262575387955,0.006453470326960087
-0.012997959740459919,0.014239556156098843,-0.04395456239581108
-0.009765365161001682,0.006095308344811201,0.014969388954341412
0.0063131339848041534,0.00856777187436819,0.010966463945806026
-0.009050139226019382,-0.02376311831176281,0.0018004848388954997
0.02987052872776985,0.008224373683333397,0.029583949595689774
0.019553257152438164,-0.008968401700258255,0.001667423639446497
-0.0035338907036930323,0.04308496043086052,-0.009220034815371037
-0.047486480325460434,-0.012247850187122822,-0.028253337368369102
-0.021389190107584,-0.01460584718734026,-0.02178877778351307
-0.0007926615653559566,-0.003310925792902708,0.018284831196069717
-0.04126908630132675,-0.015761952847242355,-0.027920683845877647
0.006600350607186556,-0.004707409534603357,0.01968197524547577
0.019035140052437782,-0.012396655045449734,-0.01345027331262827
-0.004339223727583885,0.02664765901863575,-0.004158163908869028
0.006375082768499851,-0.005285462364554405,0.0016826702049002051
-0.013752607628703117,0.039147332310676575,0.007833980023860931
-0.008751659654080868,-0.007846636697649956,-0.006126361433416605
-0.02026285044848919,-0.012511121109127998,-0.03275524079799652
-0.02960020676255226,-0.03763638436794281,-0.03690231591463089
0.04079602286219597,0.017261454835534096,0.026213064789772034
-0.057443324476480484,-0.03894129395484924,-0.07180871814489365
-0.02797827683389187,0.01871517300605774,-0.008316327817738056
0.006194868125021458,-0.011520991101861,-0.014237552881240845
-0.008470074273645878,-0.036033861339092255,0.0026667690835893154
-0.026446456089615822,0.01937907375395298,-0.04122680798172951
-0.03496158495545387,-0.03852921724319458,-0.012552110478281975
-0.014969054609537125,0.0027614894788712263,-0.017009662464261055
-0.01967715471982956,0.023316700011491776,-0.021833131089806557
-0.006358187645673752,-0.024060729891061783,0.015379661694169044
-0.012288365513086319,-0.004364011809229851,0.0005675893626175821
-0.013369651511311531,-0.01421666331589222,-0.004471411928534508
0.022459212690591812,0.03408794105052948,0.03481769189238548
-0.04151688143610954,-0.06785538047552109,-0.05641796439886093
0.026896990835666656,0.04963240772485733,0.03118068352341652
-0.001474097021855414,0.019619453698396683,0.007989218458533287
0.00649334816262126,0.007434559054672718,0.006115272641181946
-0.014653678983449936,-0.004295332357287407,0.013383743353188038
-0.04590960592031479,-0.006581788416951895,-0.044464629143476486
0.030343590304255486,0.024678844958543777,0.03943048045039177
-0.045211274176836014,-0.025617465376853943,-0.044952522963285446
-0.007873114198446274,0.04544295743107796,-0.011509797535836697
-0.008492601104080677,0.004999297671020031,-0.010500749573111534
0.004969973582774401,0.03099736198782921,0.00036279979394748807
0.008053328841924667,-0.00732581689953804,0.030005309730768204
0.03469126299023628,0.028341753408312798,0.035616058856248856
0.04388219490647316,0.016883717849850655,0.052780959755182266
0.007771743927150965,0.05041077733039856,0.021589186042547226
0.0028313363436609507,-0.02641872689127922,-0.005352942738682032
0.025184955447912216,0.02332814782857895,0.014204286970198154
-0.002827112562954426,-0.020489392802119255,0.007800715044140816
-0.03480389714241028,-0.04656472057104111,-0.04131551459431648
0.017615951597690582,0.00937475636601448,0.025725172832608223
-0.035254430025815964,-0.020844237878918648,-0.04275701195001602
0.016140447929501534,0.048029884696006775,-0.01914972998201847
0.030951814725995064,0.02520538866519928,0.003531667171046138
-0.030321063473820686,-0.050136059522628784,-0.02503768913447857
0.024328937754034996,0.0010559477377682924,-0.00433557853102684
0.032866593450307846,0.01655176654458046,0.018207212910056114
0.07235606014728546,0.027013948187232018,0.06688544899225235
-0.00840812548995018,0.009626581333577633,-0.002411735011264682
-0.020150216296315193,-0.00028044142527505755,-0.010323334485292435
-0.06185857579112053,-0.027357347309589386,-0.047591570764780045
-0.022966066375374794,-0.015109497122466564,-0.0017949406756088138
0.002125966129824519,0.018989890813827515,-0.0018379084067419171
0.0026370426639914513,0.002891694428399205,0.015690138563513756
0.006397609133273363,-0.008018335327506065,0.009635851718485355
0.01792006380856037,0.049998700618743896,0.008948368020355701
-0.011894146911799908,0.035804927349090576,-0.03461809828877449
-0.0023624973837286234,-0.006982419174164534,-0.006758402101695538
0.013887768611311913,-0.045580316334962845,-0.0019280018750578165
-0.026987098157405853,-0.00507656205445528,-0.03925306722521782
-0.01184909325093031,0.0194363072514534,-0.015213334932923317
-0.00535011338070035,-0.018966997042298317,-0.024061907082796097
-0.02165951207280159,-0.035049453377723694,-0.017442110925912857
-0.012288365513086319,-0.04207766056060791,-0.03273306414484978
-0.020172743126749992,0.005050807259976864,-0.01131574995815754
0.0017739849863573909,0.003949073143303394,-0.018462246283888817
-0.018449444323778152,-0.025068029761314392,0.006048742216080427
-0.015566014684736729,0.01787957176566124,0.0037589799612760544
0.01598276011645794,-0.007955378852784634,0.0039918371476233006
-0.008464442566037178,0.0012534013949334621,-0.010317790322005749
-0.0004737666167784482,-0.03042503260076046,0.006836021319031715
-0.0019077378092333674,-0.008916892111301422,-0.00026612248620949686
0.010413010604679585,-0.00974677037447691,0.010833402164280415
-0.023270176723599434,-0.01525830291211605,-0.020369458943605423
-0.0009362698765471578,-0.005005020648241043,-0.005275323521345854
0.012434789910912514,0.004037783946841955,-5.275670264381915e-05
0.027820589020848274,-0.025296960026025772,-0.0028552724979817867
0.032033100724220276,0.00769210746511817,0.03798898309469223
0.0003963307826779783,0.004014891106635332,-0.0040611401200294495
-0.009945578873157501,-0.017192775383591652,-0.017896736040711403
0.022583110257983208,0.05297481268644333,0.027831975370645523
0.015104214660823345,0.015246856026351452,-0.0021220494527369738
0.0009975145803764462,-0.028044141829013824,-0.00681938836351037
-0.037799958139657974,-0.044138044118881226,-0.030559731647372246
0.026018446311354637,0.0019130110740661621,0.0193936750292778
0.00841938890516758,-0.008728023618459702,0.0043050856329500675
0.03356492146849632,0.025709038600325584,0.005278095602989197
-0.0075070541352033615,0.02076411247253418,-0.014847416430711746
0.003333965316414833,-0.01865793950855732,0.011908981017768383
-0.013763871043920517,-0.0026012372691184282,0.000993108144029975
0.013887768611311913,-0.0012033226666972041,0.0322895273566246
-0.00015504770271945745,0.014319682493805885,-0.0199259202927351
-0.03275395929813385,0.0038546386640518904,-0.024815920740365982
0.052577536553144455,0.027357347309589386,0.04666014015674591
-0.019496940076351166,-0.0016640478279441595,0.01692095398902893
-0.027707956731319427,-0.00934613961726427,-0.012995647266507149
-0.004342039581388235,0.0007826604996807873,0.0033487079199403524
-0.006949516013264656,0.0017155574169009924,0.031047621741890907
0.036898888647556305,0.03717852011322975,0.05025279521942139
-0.06983306258916855,-0.015120943076908588,-0.08209878206253052
0.005054449196904898,0.0057862503454089165,0.011775919236242771
-0.010058213025331497,0.005737602710723877,0.02570299617946148
-0.004403987899422646,-0.003780235769227147,0.02065775729715824
-0.020307904109358788,-0.0013199347304180264,-0.002248180564492941
0.02051064558327198,-0.009151547215878963,0.03135810047388077
-0.03881366550922394,0.0141594298183918,0.003936395049095154
-0.018584605306386948,-0.050136059522628784,-0.005011973436921835
0.0014811366563662887,0.026350047439336777,0.0021206634119153023
-0.011297186836600304,0.015349875204265118,-0.010084932669997215
-0.02712225914001465,0.013461188413202763,-0.030537554994225502
0.004485647659748793,0.029120121151208878,0.008965001441538334
-0.006217394955456257,-0.0018672248115763068,0.027410615235567093
-0.01455230824649334,-0.00752040883526206,-0.005976667162030935
0.03556980565190315,-0.005497224163264036,0.021722247824072838
-0.034353360533714294,-0.017204223200678825,-0.042535241693258286
-0.0312897153198719,-0.004572912119328976,-0.024527622386813164
0.008650288917124271,-0.012350869365036488,-0.006619796622544527
-0.009399304166436195,-0.041367970407009125,-0.008665612898766994
0.04336407780647278,0.021874431520700455,0.01216401532292366
0.009089561179280281,-0.022950410842895508,0.0038698643911629915
-0.007304312661290169,0.019184483215212822,-0.0166770089417696
0.005935810040682554,-0.007623428013175726,0.014026871882379055
-0.007518317550420761,0.008161417208611965,-0.006470102816820145
-0.007856219075620174,-0.0105423079803586,0.006957993842661381
-0.018314283341169357,0.0014680250314995646,-0.018650749698281288
0.00914024654775858,0.03539285063743591,0.019781770184636116
-0.030005689710378647,-0.00507656205445528,0.002079081954434514
-0.0010848059318959713,-0.030951576307415962,0.004188656806945801
-0.030050743371248245,0.013289489783346653,-0.020003540441393852
0.007771743927150965,0.005468607880175114,-0.003126939060166478
0.002377984579652548,-0.0019874139688909054,0.0021040309220552444
-0.01454104483127594,0.026144009083509445,-0.014171021990478039
0.012400999665260315,-0.00852198526263237,0.014171021990478039
-0.0371016301214695,-0.024999350309371948,-0.018684016540646553
0.012874062173068523,-0.021508140489459038,-0.0073239123448729515
0.008329281583428383,-0.003073408966884017,0.0001522061211289838
-0.02480199933052063,-0.030058741569519043,-0.015379661694169044
0.02225647121667862,-0.005617413204163313,0.010450851172208786
-0.02590581215918064,-0.019298948347568512,-0.007789626717567444
0.02507232129573822,0.02710552141070366,0.023219186812639236
0.02477947250008583,-0.016769252717494965,0.021988369524478912
0.0007750624790787697,-0.01538421493023634,-0.0007422322523780167
-0.02080349437892437,-0.006982419174164534,-0.008554728701710701
0.022774588316679,-0.01926460862159729,0.01648850552737713
-0.0017655374249443412,-0.03990280628204346,-0.010877756401896477
0.032641325145959854,0.011675520800054073,0.007922687567770481
-0.0019091457361355424,0.02566325105726719,-0.0006833248771727085
-0.00648771645501256,0.0018042685696855187,-0.011809185147285461
-0.0010411601979285479,-0.010885706171393394,-0.013649865053594112
0.006673562340438366,-0.034156620502471924,0.014104491099715233
-0.0017317472957074642,0.022973302751779556,0.012507756240665913
0.00455041229724884,0.022183489054441452,0.01932714506983757
-0.029194723814725876,-0.027563385665416718,-0.01734231412410736
0.028338706120848656,0.020340587943792343,0.029650479555130005
-0.030568858608603477,-0.031249186024069786,-0.025126397609710693
-0.03534453734755516,-6.501304596895352e-05,-0.018074151128530502
0.013583656400442123,0.012843072414398193,0.027854152023792267
0.0002104847226291895,0.005299770273268223,0.0017117774114012718
0.0017331552226096392,0.0025168186984956264,0.0235296618193388
-0.0427107997238636,-0.009334692731499672,-0.06936925649642944
0.038610924035310745,0.030493712052702904,0.04195864498615265
0.005997758824378252,0.011108914390206337,0.0031130786519497633
0.0027454530354589224,0.0057862503454089165,-0.005771531257778406
0.015475907362997532,0.009397649206221104,-0.001581488293595612
0.007495790719985962,0.010994448326528072,0.041581638157367706
-0.0069382525980472565,0.011532437987625599,-0.009602585807442665
-0.01552096102386713,-0.008962678723037243,-0.024461090564727783
-0.002310404321178794,0.013392508961260319,0.007761905435472727
0.03311438485980034,-0.009180163964629173,0.01357224676758051
0.012829008512198925,0.025892183184623718,0.012995647266507149
0.016320662572979927,-0.01799403689801693,0.009946327656507492
0.016883831471204758,0.004089293535798788,0.009979592636227608
0.00843065232038498,0.007560471538454294,-0.010456395335495472
-0.022459212690591812,-0.05366160720586777,-0.0030742690432816744
0.01440588477998972,0.007955378852784634,0.0018240477656945586
0.011252133175730705,0.02396915666759014,0.024948982521891594
0.03108697570860386,0.032691456377506256,0.05380109325051308
0.0029369306284934282,-0.023946262896060944,0.006281599402427673
0.023225124925374985,-0.0068221669644117355,0.026346124708652496
0.018685976043343544,-0.006169711239635944,-0.00927547737956047
-0.02509484812617302,0.0186007060110569,-0.016089322045445442
0.03505169227719307,0.020741218701004982,0.02419496886432171
0.03590770810842514,0.01544144842773676,0.03295483440160751
0.016039077192544937,0.020638199523091316,-0.0017796941101551056
-0.027527742087841034,-0.026166900992393494,-0.04621660336852074
0.027437634766101837,-0.009792556054890156,0.008294150233268738
-0.029239777475595474,-0.016139689832925797,-0.02443891391158104
-3.596807437133975e-05,0.02235518768429756,-0.0034679085947573185
-0.005212137009948492,-0.010273313149809837,-0.0019016668666154146
-0.008791081607341766,-0.012923198752105236,0.018805988132953644
0.016636036336421967,-0.011080297641456127,0.004382704384624958
0.04512116685509682,0.0244270209223032,0.044642046093940735
-0.01709783636033535,-0.037911102175712585,-0.001623069867491722
0.01742447540163994,0.01882963813841343,0.023130478337407112
-0.02081475779414177,-0.01476609893143177,-0.002927347319200635
0.0428009070456028,0.06139950081706047,0.03255565091967583
0.011449242942035198,0.015521573834121227,0.008210986852645874
-0.016061604022979736,-0.0011131807696074247,0.016166940331459045
0.0213553998619318,0.013415401801466942,0.011908981017768383
-0.021468034014105797,-0.022366633638739586,-0.019604355096817017
0.0053529292345047,0.006633298005908728,0.0018781039398163557
0.005316323135048151,-0.01394194457679987,0.03608177229762077
-0.03167267143726349,-0.031592585146427155,-0.028519459068775177
0.02739258110523224,-0.023854689672589302,0.027920683845877647
0.02450915053486824,-0.009340416640043259,0.01399360690265894
-0.012862798757851124,-0.003983412869274616,0.01853986643254757
0.011747722513973713,-0.002877386286854744,0.014747620560228825
0.004606729373335838,0.021382227540016174,-0.018750546500086784
-0.03252869099378586,-0.005365588236600161,-0.03016054816544056
0.005305059719830751,0.005228229332715273,-0.006708504166454077
-0.014495991170406342,-0.01271715946495533,-0.012807143852114677
0.012198259122669697,0.00016597553621977568,0.006131905596703291
-0.04322891682386398,-0.009449158795177937,-0.048922181129455566
0.009258512407541275,0.026144009083509445,0.023374425247311592
-0.04253058508038521,-0.01586497202515602,-0.012796055525541306
-0.02254932001233101,-0.0360567532479763,-0.037545446306467056
-0.030613912269473076,-0.022080469876527786,-0.013372654095292091
-0.020093899220228195,-0.0024824789725244045,-0.0027651789132505655
-0.028654081746935844,-0.03784242272377014,-0.01897231489419937
0.02055569924414158,0.020580966025590897,0.037722859531641006
-0.010863546282052994,0.003909009974449873,-0.025126397609710693
0.005124845542013645,0.00866506714373827,0.01973741687834263
-0.01828049309551716,-0.02431255392730236,0.002968929009512067
0.01655719242990017,-0.006358579732477665,0.039519187062978745
-0.03595276176929474,-0.04239816218614578,-0.0467044934630394
0.040638335049152374,0.010376332327723503,0.03880952671170235
0.0015810993500053883,-0.009191610850393772,0.011509797535836697
-0.03595276176929474,-0.026487406343221664,-0.04794640094041824
-0.007005832623690367,0.011171870864927769,0.007235204800963402
0.007670373190194368,-0.033927690237760544,-0.008482653647661209
0.03509674593806267,-0.004309640731662512,0.026501363143324852
0.02653656341135502,0.02731155976653099,0.0352834053337574
0.01905766688287258,-0.0013342429883778095,0.007723096292465925
-0.04793701693415642,-0.030012955889105797,-0.027255376800894737
-0.03225836902856827,-0.03097446821630001,-0.01550163421779871
0.022290261462330818,-0.0067191473208367825,0.01384945772588253
0.0008144843741320074,-0.024701738730072975,-0.02625741809606552
0.004457489121705294,-0.010754070244729519,-0.01216401532292366
0.029307357966899872,-0.001479471568018198,0.026590071618556976
-0.012074361555278301,-0.012591247446835041,-0.05158340558409691
-0.010356693528592587,0.01193879172205925,0.007285102736204863
0.015453380532562733,0.02841043286025524,0.033331841230392456
0.03201057389378548,0.057141371071338654,0.024549799039959908
0.00045018389937467873,0.043909113854169846,0.007057789713144302
0.0485227145254612,0.040017273277044296,0.04333360865712166
0.04183225706219673,0.025594571605324745,0.03377537801861763
0.06785070151090622,0.05050234869122505,0.04785769060254097
0.019733471795916557,0.010027211159467697,0.010384321212768555
0.00359865534119308,0.02082134410738945,0.005663419142365456
0.026604143902659416,0.023854689672589302,0.035793472081422806
-0.013989138416945934,-0.0020789867267012596,-0.03282177075743675
0.037484582513570786,0.006421536207199097,0.01950456015765667
-0.01824670284986496,-0.0006506670033559203,0.01998136192560196
0.037484582513570786,-0.011692690663039684,0.023152654990553856
0.04322891682386398,0.06153685972094536,0.040251024067401886
0.010221532545983791,0.014285342767834663,0.01655503548681736
-0.019316725432872772,0.010233250446617603,-0.006431293208152056
-0.003871792694553733,0.015590253286063671,0.014791974797844887
0.02905956283211708,-0.0031907365191727877,0.009918606840074062
0.02624371461570263,0.06272730231285095,0.03184599056839943
0.008199753239750862,-0.0007383049814961851,0.04011796414852142
0.016489611938595772,0.027723638340830803,0.02263149991631508
-0.004967157728970051,-0.016231263056397438,0.004532398656010628
0.01552096102386713,0.0054170978255569935,-0.007340544834733009
-0.046315088868141174,-0.04656472057104111,-0.04901089146733284
0.01706404611468315,-0.0019330426584929228,0.0387873500585556
0.014788839966058731,0.00793248601257801,0.022110342979431152
0.002251271391287446,-0.002473894041031599,0.004097177181392908
-0.047171104699373245,-0.01871517300605774,-0.04005143418908119
-0.011235238052904606,-0.013472634367644787,-0.013295035809278488
-0.02026285044848919,0.07957668602466583,-0.009741191752254963
-0.01297543291002512,0.004504232667386532,0.006575442850589752
-0.012829008512198925,0.013026217930018902,0.004377160221338272
-0.0063131339848041534,-0.03683512285351753,0.008199898526072502
0.004142113961279392,-0.005305493716150522,-0.005799252539873123
0.02055569924414158,-0.004172281362116337,0.013694219291210175
-0.012468580156564713,-0.012854519300162792,-0.00884857214987278
0.04408493638038635,0.012591247446835041,0.022442996501922607
-0.019575783982872963,0.022938963025808334,-0.02397320047020912
0.021186448633670807,0.004512817598879337,0.024971159175038338
-0.014957791194319725,-0.006352856755256653,0.006015476770699024
-0.000613151176366955,0.012511121109127998,-0.023263540118932724
-0.0023920638486742973,-0.020855683833360672,0.006137449759989977
0.028834296390414238,0.02332814782857895,0.030182724818587303
-0.01825796626508236,-0.007703553885221481,-0.016721362248063087
0.027798064053058624,0.015521573834121227,0.002930119400843978
0.02170456573367119,0.011446588672697544,0.005860238801687956
0.023878401145339012,0.026006648316979408,0.007007891777902842
-0.002882021712139249,0.011412248946726322,-0.01577884517610073
-0.024869579821825027,0.012316529639065266,-0.018262654542922974
-0.025004740804433823,-0.01975681260228157,-0.033997148275375366
-0.012220785021781921,-0.004178004804998636,0.01890578493475914
-0.024711892008781433,0.006421536207199097,-0.012596463784575462
0.0569026805460453,0.0019087186083197594,0.054155923426151276
0.008593971841037273,0.00954645499587059,0.013538980856537819
0.004724994767457247,0.005628860089927912,-0.006813844200223684
-0.016354452818632126,-0.023122109472751617,-0.031225036829710007
0.009523201733827591,-0.012316529639065266,-0.00020097791275475174
0.017604688182473183,0.015201069414615631,0.03040449321269989
0.036087922751903534,0.036468829959630966,0.03974095731973648
0.0039759790524840355,-0.002074694260954857,-0.00950833410024643
0.030343590304255486,0.011417971923947334,0.02474939078092575
-0.008199753239750862,-0.013049110770225525,0.017619526013731956
-0.040322959423065186,-0.011532437987625599,-0.02654571644961834
0.0008743211510591209,0.02621268853545189,-0.0019778998102992773
0.01571243815124035,-0.0068393368273973465,0.011276939883828163
0.014304514043033123,0.01972247287631035,0.020003540441393852
0.02705467864871025,0.005603105295449495,0.029273472726345062
-0.0036831307224929333,-0.01683793216943741,-0.020757554098963737
-0.03304680436849594,-0.011704136617481709,-0.03787809982895851
0.018325546756386757,0.022240720689296722,0.01239687204360962
0.011009970679879189,0.006656191311776638,0.020480342209339142
-0.051721516996622086,-0.011893005110323429,-0.042113881558179855
-0.011353503912687302,-0.012121937237679958,-0.026279594749212265
0.008864292874932289,-0.007926763035356998,0.012696259655058384
0.0006835474050603807,0.037361666560173035,0.015257689170539379
-0.005234663840383291,-0.018234414979815483,-0.00027132019749842584
-0.0017599057173356414,0.009620857425034046,0.025569934397935867
0.005217768717557192,-0.009059974923729897,-0.019171906635165215
0.006544033531099558,-0.004292470868676901,-0.006691871676594019
-0.01708657294511795,0.0255258921533823,-0.013028913177549839
-0.018911242485046387,-0.008573494851589203,0.0010028104297816753
-0.006307502277195454,0.032691456377506256,0.013062178157269955
-0.012288365513086319,0.007314370013773441,-0.01230816449970007
-0.020938655361533165,-0.015120943076908588,-0.011609593406319618
-0.0001285611215280369,0.029806917533278465,-0.005316905211657286
9.732278704177588e-05,0.0015066572232171893,0.01806306280195713
-0.022188890725374222,0.012476781383156776,-0.017974356189370155
-0.011178920976817608,-0.030150314792990685,-0.006580987013876438
0.028383759781718254,0.037705063819885254,0.04328925535082817
-0.007231100928038359,0.015006477944552898,-0.006137449759989977
0.01481136679649353,-0.0014458472141996026,0.000889154034666717
0.0042744590900838375,-0.008201480843126774,-0.00178385223262012
-0.004851708188652992,-0.027174200862646103,-0.024239322170615196
-0.022391632199287415,-0.03429397940635681,-0.03155769035220146
-0.015340746380388737,-0.016734912991523743,-0.0115874158218503
-0.012446053326129913,-0.01759340614080429,-0.003401377936825156
0.022605637088418007,0.024472806602716446,0.025303812697529793
-0.0038323707412928343,0.022996196523308754,0.003290493506938219
-0.04645024985074997,-0.026075329631567,-0.06111946329474449
0.004288538359105587,0.007709277328103781,-9.763021807884797e-05
0.01411303598433733,-2.2736679966328666e-05,-0.00394193921238184
-0.0341280922293663,-0.024060729891061783,-0.0035510717425495386
0.009675257839262486,0.02241242118179798,0.0038338268641382456
-0.00795758981257677,-0.0238775834441185,0.0008967773173935711
-0.04365692660212517,-0.01538421493023634,-0.027588030323386192
-0.008779818192124367,0.011326399631798267,-0.014791974797844887
0.022414159029722214,0.005302632227540016,0.02528163604438305
0.008588340133428574,0.01120621059089899,-0.005181071814149618
-0.029217250645160675,-0.022515440359711647,-0.021034764125943184
-0.008256069384515285,-0.0161167960613966,-0.00659207534044981
0.002796138171106577,-0.004747472703456879,0.016821159049868584
0.013504812493920326,0.04784674197435379,0.016222381964325905
-0.04057075455784798,-0.012453888542950153,-0.02474939078092575
0.02761784940958023,0.012659926898777485,0.013605511747300625
-0.02450915053486824,0.0015381353441625834,-0.023285716772079468
-0.018618395552039146,-0.0339047946035862,-0.009946327656507492
-0.00910645630210638,-0.025342747569084167,-0.014004695229232311
0.014281987212598324,0.007869529537856579,0.0014900086680427194
-0.006780564785003662,-0.012064704671502113,-0.008915103040635586
0.014349567703902721,-0.010679666884243488,0.05184952914714813
-0.0228196419775486,-0.01678069867193699,-0.008449388667941093
-0.023517971858382225,-0.015704719349741936,0.0034152385778725147
0.01851702481508255,0.0011410817969590425,0.015867553651332855
0.004184351768344641,-0.012224956415593624,-0.02022530883550644
0.006296238861978054,-0.024999350309371948,-0.005092364735901356
0.044355254620313644,0.023202234879136086,0.022376464679837227
0.006932620890438557,-0.016654785722494125,0.020003540441393852
0.02340533770620823,0.0035942287649959326,0.017974356189370155
0.017615951597690582,0.029738236218690872,0.015523810870945454
0.028969455510377884,0.03875814750790596,0.045418236404657364
0.02764037624001503,0.014514273963868618,0.006858197972178459
-0.0007053702138364315,-0.013278042897582054,-0.020491430535912514
0.0028707582969218493,0.011881559155881405,0.017808029428124428
-0.006988937500864267,-0.02941773273050785,0.004116582218557596
0.00799701176583767,0.019516432657837868,0.009264389052987099
0.010097634978592396,0.021118955686688423,0.0002397874486632645
0.0014445306733250618,-0.005668922793120146,0.012751702219247818
0.02570307068526745,0.02399205043911934,0.01345027331262827
0.035254430025815964,-0.0005612405366264284,0.028563812375068665
-0.015825072303414345,-0.007411666214466095,-0.024283675476908684
0.02705467864871025,0.03205044940114021,0.01047857291996479
0.015385800041258335,-0.014731759205460548,0.017065104097127914
0.014653678983449936,-0.01459440030157566,0.004853962920606136
0.01678246073424816,0.009512115269899368,-0.0014955528313294053
0.039196621626615524,0.030837109312415123,0.02510422095656395
-0.009630204178392887,-0.02710552141070366,0.00368136097677052
0.046585407108068466,-0.01958511210978031,0.031225036829710007
-0.020431801676750183,0.006209774408489466,-0.004452007357031107
0.028654081746935844,0.04386332631111145,0.023928845301270485
0.015329482965171337,-0.016505980864167213,-0.005937858019024134
0.0043307761661708355,0.0019173035398125648,0.031202860176563263
-0.0011178920976817608,0.009214503690600395,0.003731258912011981
-0.032596271485090256,-0.015052263624966145,-0.03889823704957962
-0.039219148457050323,0.008584941737353802,-0.0193936750292778
-0.002075280761346221,0.0042524076998233795,0.0010485502425581217
-0.0029848001431673765,-0.007938208989799023,-0.005408384837210178
-0.0017148521728813648,-0.02820439450442791,0.005297500640153885
-0.004713731352239847,0.020168889313936234,0.008632347919046879
0.002134413691237569,0.006730594206601381,-0.013738572597503662
0.04226026311516762,0.018703725188970566,0.017320137470960617
-0.005245927255600691,-0.030035847797989845,-0.010578368790447712
-0.008154699578881264,-0.010948661714792252,-0.008737687952816486
-0.010351061820983887,0.03672065585851669,-0.003620374482125044
-0.04077349603176117,-0.00649593910202384,-0.031114153563976288
0.014901474118232727,0.01276294607669115,0.014825239777565002
-0.01526190247386694,-0.0207984521985054,-0.012208368629217148
0.027257420122623444,0.050136059522628784,0.036214832216501236
0.002917219651862979,-0.005468607880175114,0.016932042315602303
0.012400999665260315,0.014514273963868618,0.0014719899045303464
0.047982070595026016,0.006484492216259241,0.03829945996403694
0.016444560140371323,0.007434559054672718,-0.005267007276415825
-0.03782248497009277,-0.01787957176566124,-0.020092247053980827
-0.0069100940600037575,-0.009311799891293049,-0.008798674680292606
0.010649541392922401,0.029715344309806824,0.015679050236940384
-0.030298536643385887,-0.023465506732463837,-0.02812027558684349
-0.016467085108160973,-0.03285171091556549,-0.030870206654071808
0.013324598781764507,0.0059407795779407024,0.016521770507097244
-0.045459069311618805,-0.05686665326356888,-0.03543864190578461
0.0020893600303679705,-0.004630145151168108,0.010378777049481869
0.08010527491569519,0.09180164337158203,0.07713116705417633
-0.010891704820096493,0.0021662667859345675,-0.004091633018106222
0.01910272054374218,0.02332814782857895,0.029340002685785294
0.029825475066900253,0.022217828780412674,0.04038408771157265
0.026649197563529015,0.0018271616427227855,0.050474561750888824
0.016613509505987167,0.014491381123661995,-0.006420204881578684
0.02109634131193161,0.0063127935864031315,0.012784967198967934
0.0024666839744895697,-0.01897844299674034,0.0009473683312535286
0.0068256184458732605,-0.012076150625944138,0.024815920740365982
0.0007757664425298572,0.007394496351480484,-0.01745319925248623
-0.03268637880682945,-0.018852531909942627,-0.03268871083855629
0.018066488206386566,0.004258131142705679,0.0340636782348156
-0.0006413096562027931,8.160165634762961e-06,0.002801216207444668
0.022121312096714973,-0.008252990432083607,0.02131197601556778
0.02682941034436226,0.003977689426392317,0.012829321436583996
0.008622130379080772,-0.0019516433821991086,0.021178914234042168
-0.012491106986999512,0.0025354193057864904,-0.011997688561677933
-0.03221331536769867,-0.006673361174762249,-0.017741499468684196
0.009078297764062881,0.005219644401222467,-0.0029883335810154676
0.013425968587398529,0.005145241506397724,-0.0022786736954003572
-0.0030101428274065256,0.018074164167046547,-0.0016244559083133936
0.021524351090192795,0.033149320632219315,0.01564578339457512
0.011950463987886906,-0.011154701001942158,0.027432791888713837
-0.0041899834759533405,-0.01880674436688423,-0.002248180564492941
0.011038129217922688,0.017078310251235962,0.005303044803440571
-0.015115478076040745,-0.0339047946035862,-0.007551225367933512
0.004029480274766684,0.010719730518758297,0.010750239714980125
0.0038774244021624327,-0.0028358923736959696,-0.015812110155820847
0.03228089585900307,0.06510819494724274,0.028075922280550003
0.017537109553813934,0.005992289166897535,0.03082585334777832
0.0006170229753479362,0.009649474173784256,0.02710013836622238
-0.0008025169954635203,0.014846225269138813,0.0034706806764006615
0.001067910809069872,0.028936976566910744,-0.009513878263533115
0.0006659483187831938,0.033721648156642914,0.004989796318113804
-0.054559893906116486,-0.028021248057484627,-0.032843947410583496
-0.027437634766101837,-0.023202234879136086,-0.03189034387469292
-0.009483779780566692,-0.009683813899755478,0.01348353922367096
-0.02081475779414177,-0.027128415182232857,0.0010485502425581217
0.04331902414560318,0.02932615950703621,0.03865429013967514
-0.02250426635146141,-0.016963845118880272,-0.027588030323386192
0.015306956134736538,0.013323829509317875,0.0062039801850914955
-0.0020654252730309963,0.03198176994919777,0.0029772452544420958
0.01964336447417736,0.02157681994140148,0.01478088553994894
0.00883050262928009,0.014399808831512928,0.01897231489419937
-0.0011798407649621367,0.010754070244729519,-0.00015801022527739406
0.022076258435845375,0.029463518410921097,0.0029079425148665905
-0.011758985929191113,0.014788992702960968,-0.005876871291548014
-0.00868407916277647,-0.010118784382939339,8.541560964658856e-05
-0.004505358636379242,0.002412368543446064,-0.02858598902821541
-0.000870097370352596,0.006181157659739256,-0.01734231412410736
0.02939746528863907,0.005442853085696697,0.027233200147747993
-0.0041364822536706924,-0.021290654316544533,-0.007673198357224464
-0.006673562340438366,-0.012911751866340637,-0.005039694253355265
-0.0067411428317427635,-0.010261866264045238,-0.007018980570137501
-0.02083728462457657,-0.034706056118011475,-0.007867245934903622
-0.04406240954995155,-0.04539716988801956,-0.01053401455283165
-0.041989944875240326,-0.03353850543498993,-0.03818857669830322
0.026108553633093834,0.004215206019580364,0.020269662141799927
0.00867844745516777,-0.0034997945185750723,-0.020746465772390366
-0.016917621716856956,-0.025503000244498253,-0.009868708439171314
-0.03651593253016472,-0.03894129395484924,-0.025991294533014297
-0.009388040751218796,-0.03710984066128731,0.000972317298874259
0.03194299340248108,0.02266424521803856,0.033753201365470886
-0.005851334426552057,0.0026298537850379944,-0.01225272286683321
0.02734752744436264,0.0166433397680521,0.0023188693448901176
0.003514179727062583,-0.00691373972222209,0.0010929040145128965
-0.004018216859549284,-0.04319942370057106,0.017253607511520386
0.009883631020784378,-0.009014188311994076,-0.011160511523485184
-0.015306956134736538,-0.002030338626354933,-0.014980478212237358
-0.0012460132129490376,0.03461448475718498,0.01595626026391983
-0.03192046657204628,-0.020008636638522148,-0.021223267540335655
-0.010773438960313797,-0.009700983762741089,0.006913640070706606
0.03640329837799072,-0.002299333456903696,0.03816640004515648
-0.0005399390938691795,-0.02408362179994583,-0.004629422444850206
-0.01597149670124054,-0.0019602281972765923,-0.002149770734831691
-0.013752607628703117,-0.015544467605650425,0.002652908442541957
-0.01181530300527811,-0.011126084253191948,-0.0009626148967072368
-0.015081687830388546,-0.03205044940114021,-0.01216401532292366
0.014586098492145538,0.005568765103816986,0.011487619951367378
0.00046496710274368525,-0.03420240804553032,-0.013694219291210175
0.04739637300372124,0.03253120556473732,0.04328925535082817
-0.011781512759625912,0.008562047965824604,0.009646940045058727
-0.009269775822758675,-0.009266013279557228,0.017619526013731956
-0.025522857904434204,-0.017891017720103264,-0.02015877701342106
-0.02534264326095581,-0.027128415182232857,-0.013339389115571976
0.013628710061311722,-0.0008756640017963946,0.008194354362785816
-0.004758785013109446,-0.020924363285303116,0.0053113610483706
-0.02224520780146122,-0.02744891867041588,0.0029827894177287817
0.006988937500864267,-0.029143014922738075,-0.025392519310116768
-0.01339217834174633,-0.029005656018853188,-0.009136871434748173
-0.0023822083603590727,-0.0039519346319139,0.0037534357979893684
0.013763871043920517,0.004890555050224066,-0.004158163908869028
0.05018969625234604,0.01482333242893219,0.052470482885837555
0.01963210105895996,0.015304088592529297,0.020801907405257225
0.0017528660828247666,-0.00126914051361382,0.028874289244413376
-0.002500473987311125,-0.008109907619655132,0.01897231489419937
-0.020668333396315575,-0.003599952207878232,-0.006542177405208349
0.0016852857079356909,-0.02042071335017681,-0.004634966608136892
-0.016388243064284325,-0.004180866293609142,0.004684864543378353
-0.0022301524877548218,0.01949354074895382,-0.01327285822480917
0.018719766288995743,0.02575482428073883,0.04167034476995468
-0.006391977425664663,-0.026258474215865135,-0.020602315664291382
-0.0033846506848931313,-0.03951362520456314,0.015191158279776573
-0.007867482490837574,-0.006432982627302408,0.017907824367284775
-0.019463149830698967,-0.009901299141347408,-0.02022530883550644
-0.015734964981675148,-0.0033309573773294687,0.0062649669125676155
-0.01619676500558853,0.01649453490972519,-0.012718437239527702
-0.00323822651989758,-0.0008706561638973653,0.026390479877591133
-0.001895066467113793,0.01156677771359682,-8.45926406327635e-05
0.006819986738264561,-0.03200466185808182,-0.015568165108561516
-0.022718271240592003,-0.009969978593289852,-0.022864356637001038
0.016928885132074356,0.02953219786286354,0.013794015161693096
0.019834842532873154,0.02252688631415367,0.02474939078092575
-0.0024694998282939196,0.0009135808213613927,-0.0027125088963657618
0.008075855672359467,0.016391515731811523,0.01258537545800209
0.00491365697234869,0.0005408513243310153,-0.009702381677925587
-0.0056288824416697025,0.011406525038182735,0.0024588608648627996
-0.0071240984834730625,-0.026350047439336777,-0.013228504918515682
0.018179122358560562,-0.00033338190405629575,0.01393816526979208
-0.015622330829501152,-0.004206621088087559,0.009652484208345413
0.01742447540163994,0.032714348286390305,0.008698878809809685
0.0035620492417365313,-0.007955378852784634,0.003731258912011981
-0.0242388304322958,-0.00727430684491992,-0.03240041062235832
-0.0121306786313653,0.0036228452809154987,0.015191158279776573
-0.021163921803236008,-0.004255269188433886,-0.015934083610773087
-0.014146826229989529,0.00768638402223587,0.025680819526314735
-0.012716375291347504,-0.03971966356039047,-0.027166670188307762
0.055145591497421265,0.013758799061179161,0.02082408405840397
-0.026086026802659035,-0.024266768246889114,-0.0030659527983516455
0.004584202542901039,-0.0166662335395813,-0.01576775684952736
-0.005963968578726053,0.02843332663178444,-0.004349439404904842
0.010311639867722988,0.01958511210978031,0.01636653207242489
-0.009444357827305794,-0.034362658858299255,-0.01462564803659916
0.0021949545480310917,-0.005843483377248049,0.0007158971857279539
0.005806281231343746,0.012099044397473335,-0.006276055239140987
0.016106657683849335,0.017776552587747574,0.006575442850589752
0.00719167897477746,0.02543431892991066,0.0029550683684647083
-0.02194109745323658,-0.008212927728891373,-0.013838368467986584
0.00684251356869936,-0.03765927627682686,-0.004005697555840015
-0.022324051707983017,0.006347133312374353,0.0001015284942695871
0.017728585749864578,0.012614140287041664,0.0033459358382970095
-0.028879350051283836,-0.005208197981119156,-0.014226464554667473
0.011984254233539104,0.016345728188753128,-0.008560272864997387
-0.01713162660598755,0.03761348873376846,-0.0233522467315197
0.008520759642124176,0.006696254480630159,-0.011698300950229168
-0.0027102548629045486,-0.020283354446291924,0.019537825137376785
0.01440588477998972,-0.006696254480630159,-0.005264235194772482
0.015149268321692944,-0.031249186024069786,0.0006306548602879047
0.006600350607186556,0.0011582516599446535,0.0043050856329500675
-0.0002923203574027866,-0.017124095931649208,-0.029960956424474716
0.013200701214373112,0.00152668880764395,0.014248641207814217
0.03300175070762634,0.004673069808632135,0.02041381224989891
0.05442473292350769,0.02609822154045105,0.05961143597960472
0.006572192069143057,0.0283188596367836,0.038986943662166595
-0.033790189772844315,-0.010290483012795448,-0.030604084953665733
-0.010294744744896889,-0.01117759384214878,-0.0037950174883008003
0.008222280070185661,0.05572199448943138,0.02275347150862217
-0.021208975464105606,-0.007073991931974888,-0.021234355866909027
-0.0026877280324697495,-0.020695433020591736,0.00656435452401638
0.006729879416525364,0.005777665413916111,0.013915987685322762
-0.009174036793410778,0.0034053600393235683,-0.02503768913447857
-0.02939746528863907,-0.02408362179994583,-0.016954218968749046
-0.03678625449538231,0.00866506714373827,-0.021722247824072838
0.005862597841769457,0.023122109472751617,0.024727214127779007
-0.011894146911799908,0.004650176502764225,-0.008061293512582779
0.012772691436111927,0.004655899945646524,0.01908320002257824
0.007929431274533272,0.011412248946726322,0.013516804203391075
0.016917621716856956,0.007308646570891142,0.036880139261484146
0.039737261831760406,0.031020255759358406,0.016665920615196228
-0.010334166698157787,-0.007983995601534843,-0.017297960817813873
-0.016388243064284325,-0.0023765978403389454,-0.012230545282363892
-0.0030777230858802795,0.01421666331589222,-0.011398912407457829
-0.008289859630167484,-0.009277460165321827,-0.02738843858242035
0.010722753591835499,0.003250831039622426,0.016388708725571632
-0.00013885655789636075,-0.006444429513067007,0.0015828743344172835
0.025545382872223854,0.011704136617481709,0.012740613892674446
-0.03667362034320831,-0.008607834577560425,0.00038878832128830254
0.014507254585623741,-0.007623428013175726,0.00870442297309637
-0.011691405437886715,-0.053570035845041275,-0.005660647060722113
0.014158089645206928,-0.010462181642651558,-0.010012858547270298
-0.024058615788817406,-0.034477125853300095,-0.013716395944356918
-0.015746228396892548,-0.013793138787150383,-0.0038310547824949026
-0.018663449212908745,-0.03701826557517052,-0.036458779126405716
-0.035254430025815964,0.004438414704054594,-0.002451930660754442
-0.004465936683118343,0.028822509571909904,0.009940783493220806
0.007895641028881073,-0.02820439450442791,0.009170137345790863
-0.03219078853726387,-0.03388190269470215,-0.02263149991631508
-0.00953446514904499,-0.007697830908000469,-0.018817076459527016
0.004229405429214239,0.008573494851589203,-0.00699680345132947
-0.018449444323778152,-0.04074985533952713,-0.009463980793952942
0.010531275533139706,0.03010452724993229,0.027499323710799217
-0.015160531736910343,0.003136365208774805,-0.00975782424211502
0.03101939521729946,0.0377279557287693,0.04129333794116974
0.033519867807626724,0.03417951241135597,0.03282177075743675
0.059696003794670105,0.04931190237402916,0.038920413702726364
0.016354452818632126,0.007732170633971691,0.007939320988953114
-0.029983162879943848,-0.004389766603708267,-0.025725172832608223
0.005054449196904898,0.023557079955935478,-0.009075885638594627
-0.01599402353167534,-5.756829068559455e-06,-0.014215375296771526
0.028000803664326668,0.0008577787084504962,0.022043811157345772
-0.008104014210402966,-0.016940951347351074,-0.0011947790626436472
-0.03872355818748474,-0.01733013428747654,-0.041581638157367706
-0.00245260470546782,-0.018451901152729988,-0.009486157447099686
0.019316725432872772,-0.011732753366231918,0.016898777335882187
-0.020364221185445786,-0.00688512297347188,-0.017774764448404312
-0.015374536626040936,0.013140683993697166,-0.011920069344341755
-0.049739159643650055,-0.0011217657011002302,-0.012829321436583996
-0.017480792477726936,-0.006639021448791027,-0.021400682628154755
-0.026040973141789436,-0.019573666155338287,-0.02415061555802822
0.028901876881718636,0.0005734025617130101,0.027255376800894737
0.006262448616325855,-0.01052513811737299,0.005519269499927759
-0.01886618882417679,-0.006020905449986458,0.015058096498250961
0.013516075909137726,-0.00344256148673594,0.008682246319949627
0.006397609133273363,-0.011618287302553654,0.02443891391158104
0.038092806935310364,-0.00018600706243887544,0.0036702724173665047
0.004938999656587839,0.004132218658924103,-0.021833131089806557
-0.011860356666147709,0.000620261998847127,-0.0372127927839756
0.020634543150663376,0.038483429700136185,0.018229389563202858
0.00982168223708868,-0.00855060201138258,0.015024831518530846
0.005555670242756605,0.0009307507425546646,-0.0012100256280973554
0.015160531736910343,0.002007445553317666,0.015601430088281631
0.00839686207473278,-0.007119778078049421,-0.0037950174883008003
-0.026446456089615822,0.007709277328103781,-0.029761364683508873
-0.03201057389378548,-0.02866225689649582,-0.038432519882917404
-0.00533321825787425,0.012865965254604816,0.020735375583171844
0.004646151326596737,-0.001342827919870615,-0.00047645624727010727
0.012051834724843502,0.01692950539290905,0.04022884741425514
-0.0010376403806731105,-0.03862078860402107,-0.017663879320025444
0.007642214652150869,0.012923198752105236,0.006847109645605087
-0.02197488769888878,-0.006484492216259241,-0.023197010159492493
0.05622687563300133,0.0366290844976902,0.05184952914714813
-0.002224520780146122,0.0012104767374694347,-0.022420817986130714
-0.017311841249465942,-0.009025635197758675,-0.00565787497907877
0.0015078872675076127,-0.011973131448030472,-0.009170137345790863
-0.0004980533267371356,0.032027553766965866,-0.026656601577997208
-0.0058175441808998585,-0.0026913790497928858,0.017497552558779716
0.002344194334000349,0.04899140074849129,-0.0006812458159402013
0.005488090217113495,-0.010216080583631992,0.0005405612755566835
0.021310346201062202,0.01687227189540863,0.00699680345132947
-0.018573341891169548,-0.013861819170415401,-0.012818233110010624
-0.02703215181827545,-0.028227288275957108,-0.014847416430711746
0.01254742406308651,0.012865965254604816,-0.015479457564651966
-0.008120909333229065,-0.0034511464182287455,-0.014381702058017254
-0.014608625322580338,-0.007154117804020643,0.0035954255145043135
-0.024013562127947807,-0.038254499435424805,0.005325221456587315
-0.03223584219813347,0.015487234108150005,-0.009913062676787376
0.006949516013264656,0.0028559239581227303,0.0208906140178442
-0.01599402353167534,0.011005895212292671,-0.0014567433390766382
-0.017210470512509346,-0.03983412683010101,-0.00978554505854845
0.014676205813884735,0.009449158795177937,0.003007738385349512
0.010660804808139801,-0.0036142603494226933,0.009402994066476822
0.01323449146002531,-0.029806917533278465,0.00014085779548622668
0.04027790576219559,0.02699105627834797,0.02794286049902439
-0.01851702481508255,-0.04372596740722656,-0.012341429479420185
0.006600350607186556,0.026739230379462242,0.02745496854186058
-0.020657069981098175,-0.015990884974598885,-0.024660682305693626
0.022436685860157013,0.012831625528633595,0.032999187707901
-0.02597339265048504,-0.029165906831622124,-0.038210753351449966
0.0008461626712232828,0.024999350309371948,-0.01453694049268961
-0.04482831805944443,-0.02182864397764206,-0.03605959564447403
-0.014586098492145538,0.02030624821782112,-0.011875716038048267
-0.015464643947780132,-0.017353028059005737,-0.0042745922692120075
-0.017593424767255783,0.007875252515077591,-0.005505408626049757
-0.01252489723265171,0.019917063415050507,-0.016954218968749046
0.008554549887776375,-0.00283303065225482,0.003099218010902405
0.016681089997291565,0.023946262896060944,0.017120545729994774
-0.006752406246960163,-0.010216080583631992,-0.008271973580121994
-0.014969054609537125,0.009243120439350605,-0.020325103774666786
0.009731574915349483,0.03678933531045914,-0.0038144222926348448
-0.045459069311618805,-0.021405121311545372,-0.02263149991631508
0.017897536978125572,0.025892183184623718,0.020912790670990944
0.01792006380856037,0.01900133676826954,0.023374425247311592
-0.006544033531099558,-0.011486651375889778,0.004812381695955992
0.006763669662177563,0.0013156422646716237,0.02457197569310665
0.009410567581653595,-0.0029446349944919348,0.0020915563218295574
0.022155100479722023,0.023236574605107307,0.018096327781677246
0.0019373042741790414,0.0077951266430318356,-0.004036190919578075
-0.016433296725153923,0.011973131448030472,-0.014049049466848373
-0.014450938440859318,8.906876610126346e-05,-0.023684900254011154
0.018697239458560944,-0.013323829509317875,0.022842179983854294
-0.021310346201062202,0.003328095655888319,-0.010955375619232655
0.03933178260922432,0.006455875933170319,0.03197905048727989
0.01252489723265171,-0.005039360839873552,0.0037146261893212795
-0.002347010187804699,0.0024023528676480055,-0.02492680586874485
-0.002013332210481167,0.02332814782857895,0.0031407997012138367
0.0035873919259756804,-0.02875383011996746,0.008676701225340366
0.0014614256797358394,-0.030493712052702904,-0.009281021542847157
-0.0003850673674605787,0.019596559926867485,-0.014082314446568489
0.01741321198642254,0.01793680340051651,0.03552735224366188
-0.009478148072957993,0.0038031290750950575,0.005607977043837309
0.026040973141789436,0.0014980722917243838,0.018706193193793297
0.021310346201062202,0.009334692731499672,0.0387873500585556
-0.001524782390333712,0.014617293141782284,-0.0031380276195704937
-0.0007715426618233323,-0.039490729570388794,-0.014259729534387589
0.0061160242184996605,0.01958511210978031,0.0012141837505623698
-0.009511938318610191,0.0064730457961559296,-0.019537825137376785
-0.01571243815124035,-0.0003687947755679488,-0.004698724951595068
0.0035564175341278315,-0.018119949847459793,-0.008660068735480309
0.008436284027993679,0.018074164167046547,-0.0076011233031749725
-0.03338470682501793,-0.024564379826188087,-0.019415851682424545
0.005271269474178553,0.009798279963433743,0.006725136656314135
-0.053748928010463715,-0.02477041818201542,-0.027898507192730904
0.03451104834675789,-0.01837177388370037,0.019615445286035538
-0.024306410923600197,-0.008310222998261452,-0.029872247949242592
0.012693848460912704,0.005917886272072792,0.03255565091967583
-0.025432750582695007,0.0025025103241205215,-0.02636830136179924
0.0007300088764168322,0.026052435860037804,-0.0024727212730795145
-0.027302473783493042,-0.017684979364275932,0.019704151898622513
0.010610119439661503,-0.008831042796373367,0.00149832502938807
0.009269775822758675,0.0024266766849905252,0.013261769898235798
-0.004702467937022448,-0.01738736778497696,0.02282000333070755
0.015870125964283943,0.030814215540885925,0.014570205472409725
0.0048151020891964436,-0.010748346336185932,0.010400953702628613
0.019012613222002983,0.000438189716078341,0.022110342979431152
0.02793322317302227,-0.012339422479271889,0.03521687537431717
-0.005569749511778355,-0.015475788153707981,0.007285102736204863
-0.014687469229102135,-0.017433153465390205,-0.03255565091967583
0.009731574915349483,0.0006789257749915123,0.001221114071086049
0.013279545120894909,-0.007949655875563622,0.02636830136179924
0.03306933119893074,0.03520970791578293,0.03322095423936844
0.027798064053058624,0.02169128507375717,0.022675853222608566
0.004350487142801285,0.023786010220646858,-0.009635851718485355
0.0018176306039094925,0.022790158167481422,0.0010575596243143082
-0.013189437799155712,0.00334526551887393,-0.01068370882421732
0.12957412004470825,0.0844300389289856,0.10822314023971558
-0.02163698524236679,-0.010290483012795448,0.005347398575395346
-0.005730253178626299,-0.010010041296482086,-0.0008538096444681287
-0.017582163214683533,-0.011274890042841434,-0.009929695166647434
0.0018514208495616913,-0.009048528037965298,-0.0024935121182352304
0.00044208831968717277,-0.03010452724993229,0.005876871291548014
0.00914024654775858,-0.0005866376450285316,0.025725172832608223
0.015802545472979546,0.021324994042515755,0.011543062515556812
-0.026063499972224236,-0.033813223242759705,-0.015246599912643433
-0.00570491049438715,-0.01975681260228157,-0.018883608281612396
0.011038129217922688,0.024449912831187248,-0.0033514800015836954
0.027482688426971436,0.029623771086335182,0.02005898207426071
0.010610119439661503,0.028799617663025856,0.02871905080974102
0.015385800041258335,0.010027211159467697,0.019338233396410942
0.008588340133428574,0.013621440157294273,0.013051089830696583
0.0011115564266219735,-0.01952788047492504,0.010090477764606476
-0.0041364822536706924,-0.006999589037150145,-0.010262347757816315
0.028901876881718636,-0.006009459029883146,0.01390489935874939
0.015475907362997532,0.015006477944552898,0.01733122579753399
-0.015340746380388737,-0.021611159667372704,0.005139490589499474
-0.014653678983449936,0.0039576580747962,-0.015612518414855003
0.039737261831760406,0.031798623502254486,0.04410979896783829
-0.010925495065748692,-0.01649453490972519,-0.010517382062971592
-0.0027623481582850218,-0.012362315319478512,-0.0062039801850914955
0.006752406246960163,0.0175018347799778,0.010678164660930634
0.016669826582074165,-0.008510538376867771,0.015313130803406239
0.03588518127799034,0.028502006083726883,0.04135986790060997
0.009787891991436481,-0.005823452025651932,0.01631109043955803
0.021479297429323196,0.013083450496196747,0.030138371512293816
0.0027172944974154234,-0.02465595118701458,0.02015877701342106
-0.005626066587865353,0.00908286776393652,-0.012818233110010624
0.03584012761712074,0.040246203541755676,0.004152619279921055
0.030906761065125465,0.05228801816701889,0.026834016665816307
0.033497340977191925,0.021759964525699615,0.018927961587905884
0.020994972437620163,-0.009277460165321827,0.014647824689745903
0.019429359585046768,-0.0033424037974327803,-0.010157007724046707
-0.02367565967142582,-0.017021076753735542,-0.020569050684571266
-0.009669626131653786,0.0013471203856170177,0.01625564880669117
0.029307357966899872,0.0038317455910146236,0.03093673847615719
-0.01792006380856037,-0.0183145422488451,-0.006320409011095762
-0.015802545472979546,-0.009420542046427727,-0.011160511523485184
0.014259460382163525,0.00415225001052022,0.013017824850976467
-0.002644082298502326,0.010090167634189129,-0.011487619951367378
-0.0013410481624305248,-0.02235518768429756,0.001861471333540976
-0.00359865534119308,-0.001325658056885004,0.004571207799017429
-0.0015782834962010384,-0.014445594511926174,0.011520885862410069
-0.0058738612569868565,-0.004478477872908115,0.006891463417559862
-0.02791069634258747,-0.06226944178342819,-0.029295649379491806
0.015306956134736538,0.007068268489092588,-0.010217994451522827
-0.018179122358560562,0.003989136312156916,-0.006946905516088009
-0.001264316262677312,-0.031592585146427155,-0.008599082939326763
0.020296640694141388,-0.01687227189540863,0.013161974027752876
0.03273143246769905,0.01299187820404768,0.03295483440160751
-0.005634514149278402,-0.007978272624313831,0.01418211031705141
-0.03023095615208149,0.00041565424180589616,-0.034640274941921234
-0.019316725432872772,-0.009660921059548855,-0.012973470613360405
0.005015027243643999,-0.01437691505998373,0.004385476466268301
-0.019812315702438354,-0.03878104314208031,-0.04002925753593445
0.022571846842765808,0.02235518768429756,0.03907565027475357
-0.004615176934748888,0.0014014916960150003,0.0016189117450267076
0.008058960549533367,-0.01828020252287388,0.004992568399757147
0.014890210703015327,-0.003339542308822274,0.011476531624794006
0.020983709022402763,0.01215627696365118,-0.001958495005965233
-0.025748124346137047,-0.0022950409911572933,-0.00996296014636755
0.011668878607451916,-0.008115631528198719,0.00963030755519867
